category,name,price,currency,product_url,image_url,image_local_path,handle
fish,Loch Duart Salmon Fillets,4.20,GBP,https://nottinghillfishshop.co.uk/products/salmon-fillets,https://cdn.shopify.com/s/files/1/0348/5109/4661/products/e28c3c1f-c901-4b26-9a5e-4de6c33d4ee9.jpg?v=1601630056,images/fish/salmon-fillets-1.jpg,salmon-fillets
fish,Loch Duart Salmon Fillets,4.20,GBP,https://nottinghillfishshop.co.uk/products/salmon-fillets,https://cdn.shopify.com/s/files/1/0348/5109/4661/products/067bf1ab-b35b-4eaf-8ca9-c94c5975ee1c.jpg?v=1601630056,images/fish/salmon-fillets-2.jpg,salmon-fillets
fish,Wild Seabass Fillet,8.80,GBP,https://nottinghillfishshop.co.uk/products/seabass,https://cdn.shopify.com/s/files/1/0348/5109/4661/products/faac4780-c1f5-4951-b16d-dc43ba788ca2.jpg?v=1601630113,images/fish/seabass-1.jpg,seabass
fish,Wild Seabass Fillet,8.80,GBP,https://nottinghillfishshop.co.uk/products/seabass,https://cdn.shopify.com/s/files/1/0348/5109/4661/products/bb7782ce-fed7-4975-b5b7-91a5485f5238.jpg?v=1601630113,images/fish/seabass-2.jpg,seabass
fish,Wild Seabass Fillet,8.80,GBP,https://nottinghillfishshop.co.uk/products/seabass,https://cdn.shopify.com/s/files/1/0348/5109/4661/products/68359cb9-fe86-4051-b897-74e02decfc66.jpg?v=1601630113,images/fish/seabass-3.jpg,seabass
fish,Medium Tiger Prawns,1.60,GBP,https://nottinghillfishshop.co.uk/products/medium-sized-prawns,https://cdn.shopify.com/s/files/1/0348/5109/4661/products/c89b6580-80ba-4fd5-9dfe-e7a4bb3ed3df.jpg?v=1601628226,images/fish/medium-sized-prawns-1.jpg,medium-sized-prawns
fish,Medium Tiger Prawns,1.60,GBP,https://nottinghillfishshop.co.uk/products/medium-sized-prawns,https://cdn.shopify.com/s/files/1/0348/5109/4661/products/24b0b70e-b400-47a9-97e2-03341dc4b06e.jpg?v=1601628226,images/fish/medium-sized-prawns-2.jpg,medium-sized-prawns
fish,Wild Cod Fillet,4.30,GBP,https://nottinghillfishshop.co.uk/products/cod-fillet-200g,https://cdn.shopify.com/s/files/1/0348/5109/4661/products/6be5e389-d2e2-40b6-a8dd-161edfd9ab05.jpg?v=1601630188,images/fish/cod-fillet-200g-1.jpg,cod-fillet-200g
fish,Wild Cod Fillet,4.30,GBP,https://nottinghillfishshop.co.uk/products/cod-fillet-200g,https://cdn.shopify.com/s/files/1/0348/5109/4661/products/63f27caf-b3d2-4d67-b04f-720137c059c6.jpg?v=1601630188,images/fish/cod-fillet-200g-2.jpg,cod-fillet-200g
fish,Wild Dover Sole Fillet,10.00,GBP,https://nottinghillfishshop.co.uk/products/dover-sole,https://cdn.shopify.com/s/files/1/0348/5109/4661/products/1d2d7a2c-5cff-4c6e-9f30-17ce20fa7212.jpg?v=1601630059,images/fish/dover-sole-1.jpg,dover-sole
fish,Wild Dover Sole Fillet,10.00,GBP,https://nottinghillfishshop.co.uk/products/dover-sole,https://cdn.shopify.com/s/files/1/0348/5109/4661/products/eabf7f93-ece4-4721-b7e0-6a43dd901aea.jpg?v=1601630059,images/fish/dover-sole-2.jpg,dover-sole
fish,Wild Dover Sole Fillet,10.00,GBP,https://nottinghillfishshop.co.uk/products/dover-sole,https://cdn.shopify.com/s/files/1/0348/5109/4661/products/7c740240-bde3-4ac6-a1da-1465781550a2.jpg?v=1601630059,images/fish/dover-sole-3.jpg,dover-sole
fish,Wild Lemon Sole Fillet,9.00,GBP,https://nottinghillfishshop.co.uk/products/lemon-sole-fillet-200g,https://cdn.shopify.com/s/files/1/0348/5109/4661/products/3c130739-b8c4-4a64-aa69-848614dc6b50.jpg?v=1601630071,images/fish/lemon-sole-fillet-200g-1.jpg,lemon-sole-fillet-200g
fish,Wild Lemon Sole Fillet,9.00,GBP,https://nottinghillfishshop.co.uk/products/lemon-sole-fillet-200g,https://cdn.shopify.com/s/files/1/0348/5109/4661/products/12b16513-1d9e-41f4-824f-91df7b212454.jpg?v=1601630071,images/fish/lemon-sole-fillet-200g-2.jpg,lemon-sole-fillet-200g
fish,Organic Salmon Fillets,5.20,GBP,https://nottinghillfishshop.co.uk/products/organic-salmon-fillets,https://cdn.shopify.com/s/files/1/0348/5109/4661/products/e28c3c1f-c901-4b26-9a5e-4de6c33d4ee9_42f6eb66-c67b-4a80-be92-2cca237fab4b.jpg?v=1636381201,images/fish/organic-salmon-fillets-1.jpg,organic-salmon-fillets
fish,Organic Salmon Fillets,5.20,GBP,https://nottinghillfishshop.co.uk/products/organic-salmon-fillets,https://cdn.shopify.com/s/files/1/0348/5109/4661/products/067bf1ab-b35b-4eaf-8ca9-c94c5975ee1c_5e6f9db2-34fe-45ae-92d7-672681287582.jpg?v=1636381201,images/fish/organic-salmon-fillets-2.jpg,organic-salmon-fillets
fish,Hand Sliced Smoked Salmon - 100g,9.00,GBP,https://nottinghillfishshop.co.uk/products/smoked-salmon,https://cdn.shopify.com/s/files/1/0348/5109/4661/products/c05efbe0-4dfb-451a-a19e-df8797b318be.jpg?v=1601633692,images/fish/smoked-salmon-1.jpg,smoked-salmon
fish,Farmed Sea Bream Fillet - 150g,6.15,GBP,https://nottinghillfishshop.co.uk/products/sea-bream-fillet-200g,https://cdn.shopify.com/s/files/1/0348/5109/4661/products/3ef649ad-c6fc-47bd-ae79-46ca785feae3.jpg?v=1601630125,images/fish/sea-bream-fillet-200g-1.jpg,sea-bream-fillet-200g
fish,Farmed Sea Bream Fillet - 150g,6.15,GBP,https://nottinghillfishshop.co.uk/products/sea-bream-fillet-200g,https://cdn.shopify.com/s/files/1/0348/5109/4661/products/b5f3846e-f780-4ec4-aa0e-82c9ae8d7436.jpg?v=1601630125,images/fish/sea-bream-fillet-200g-2.jpg,sea-bream-fillet-200g
fish,Wild Halibut Fillet,8.25,GBP,https://nottinghillfishshop.co.uk/products/halibut-fillet-200g,https://cdn.shopify.com/s/files/1/0348/5109/4661/products/6bc69a93-1462-4a59-be00-edd4dd38d78a.jpg?v=1601630545,images/fish/halibut-fillet-200g-1.jpg,halibut-fillet-200g
fish,Wild Halibut Fillet,8.25,GBP,https://nottinghillfishshop.co.uk/products/halibut-fillet-200g,https://cdn.shopify.com/s/files/1/0348/5109/4661/products/8f11b9a0-0549-4cd9-9465-e2bf1af9bbfe.jpg?v=1601630545,images/fish/halibut-fillet-200g-2.jpg,halibut-fillet-200g
fish,Hand Picked White Crab Meat - 150g,24.00,GBP,https://nottinghillfishshop.co.uk/products/crab-meat-white,https://cdn.shopify.com/s/files/1/0348/5109/4661/files/WhiteCrabMeatTopview.jpg?v=1686917237,images/fish/crab-meat-white-1.jpg,crab-meat-white
fish,Hand Picked White Crab Meat - 150g,24.00,GBP,https://nottinghillfishshop.co.uk/products/crab-meat-white,https://cdn.shopify.com/s/files/1/0348/5109/4661/files/WhiteCrabMeat.jpg?v=1686917257,images/fish/crab-meat-white-2.jpg,crab-meat-white
fish,Hand Picked White Crab Meat - 150g,24.00,GBP,https://nottinghillfishshop.co.uk/products/crab-meat-white,https://cdn.shopify.com/s/files/1/0348/5109/4661/files/CRAB_3fd9f76a-790e-428e-a5a5-457b9f477ce0.jpg?v=1686917278,images/fish/crab-meat-white-3.jpg,crab-meat-white
fish,Bluefin Tuna,22.00,GBP,https://nottinghillfishshop.co.uk/products/tuna-loin,https://cdn.shopify.com/s/files/1/0348/5109/4661/products/d6bc862f-a521-439f-b930-82a5bfbefb96.jpg?v=1601634256,images/fish/tuna-loin-1.jpg,tuna-loin
fish,Bluefin Tuna,22.00,GBP,https://nottinghillfishshop.co.uk/products/tuna-loin,https://cdn.shopify.com/s/files/1/0348/5109/4661/products/c7b6422e-3cf7-46e9-8b8c-85073a7ec342.jpg?v=1601634256,images/fish/tuna-loin-2.jpg,tuna-loin
fish,Wild Turbot Fillet,12.00,GBP,https://nottinghillfishshop.co.uk/products/turbot-fillet-200g,https://cdn.shopify.com/s/files/1/0348/5109/4661/products/677e5ad3-e906-48da-a19d-34e0e03b7f76.jpg?v=1601630419,images/fish/turbot-fillet-200g-1.jpg,turbot-fillet-200g
fish,Wild Turbot Fillet,12.00,GBP,https://nottinghillfishshop.co.uk/products/turbot-fillet-200g,https://cdn.shopify.com/s/files/1/0348/5109/4661/products/be2bfd41-a9c1-4cf6-8b86-4a64748f29af.jpg?v=1601630419,images/fish/turbot-fillet-200g-2.jpg,turbot-fillet-200g
fish,Wild Turbot Fillet,12.00,GBP,https://nottinghillfishshop.co.uk/products/turbot-fillet-200g,https://cdn.shopify.com/s/files/1/0348/5109/4661/products/fcdcfe3a-76b3-4488-be24-f7372805ff60.jpg?v=1601630419,images/fish/turbot-fillet-200g-3.jpg,turbot-fillet-200g
fish,Large Tiger Prawns,6.00,GBP,https://nottinghillfishshop.co.uk/products/tiger-prawns,https://cdn.shopify.com/s/files/1/0348/5109/4661/products/3f73c582-34ad-4aa7-bfad-31cbad780c5f.jpg?v=1601628177,images/fish/tiger-prawns-1.jpg,tiger-prawns
fish,Large Tiger Prawns,6.00,GBP,https://nottinghillfishshop.co.uk/products/tiger-prawns,https://cdn.shopify.com/s/files/1/0348/5109/4661/products/f84043f1-6a18-41b3-a245-a7c939b6ed14.jpg?v=1601628177,images/fish/tiger-prawns-2.jpg,tiger-prawns
fish,Fresh Cleaned Squid,5.00,GBP,https://nottinghillfishshop.co.uk/products/squid,https://cdn.shopify.com/s/files/1/0348/5109/4661/products/a0494576-090c-4e18-920f-b400dbe4ee3b.jpg?v=1601634125,images/fish/squid-1.jpg,squid
fish,Fresh Cleaned Squid,5.00,GBP,https://nottinghillfishshop.co.uk/products/squid,https://cdn.shopify.com/s/files/1/0348/5109/4661/products/4262ceaf-2390-4e30-b1d9-bce9148da95d.jpg?v=1601634125,images/fish/squid-2.jpg,squid
fish,Side of Salmon - 1kg,41.00,GBP,https://nottinghillfishshop.co.uk/products/whole-side-of-salmon,https://cdn.shopify.com/s/files/1/0348/5109/4661/products/9ba31c3b-cef5-4eb5-ae90-002a26137e48.jpg?v=1601634084,images/fish/whole-side-of-salmon-1.jpg,whole-side-of-salmon
fish,Side of Salmon - 1kg,41.00,GBP,https://nottinghillfishshop.co.uk/products/whole-side-of-salmon,https://cdn.shopify.com/s/files/1/0348/5109/4661/products/56fd2d0c-e65b-4974-aa5a-c25bf2e25590.jpg?v=1601634084,images/fish/whole-side-of-salmon-2.jpg,whole-side-of-salmon
fish,Side of Salmon - 1kg,41.00,GBP,https://nottinghillfishshop.co.uk/products/whole-side-of-salmon,https://cdn.shopify.com/s/files/1/0348/5109/4661/products/ef9a660e-6d4e-48ee-9363-7e1129e0ed7a.jpg?v=1601634084,images/fish/whole-side-of-salmon-3.jpg,whole-side-of-salmon
fish,Hand Dived Scallops,8.50,GBP,https://nottinghillfishshop.co.uk/products/fresh-scallops,https://cdn.shopify.com/s/files/1/0348/5109/4661/products/74597a0e-64d6-40ba-a5c2-42c326249c0d.jpg?v=1601628161,images/fish/fresh-scallops-1.jpg,fresh-scallops
fish,Oysters,1.75,GBP,https://nottinghillfishshop.co.uk/products/maldon-rock-oysters,https://cdn.shopify.com/s/files/1/0348/5109/4661/products/d7546b0f-296d-4ecf-9739-79db57f7f048.jpg?v=1601628145,images/fish/maldon-rock-oysters-1.jpg,maldon-rock-oysters
fish,Oysters,1.75,GBP,https://nottinghillfishshop.co.uk/products/maldon-rock-oysters,https://cdn.shopify.com/s/files/1/0348/5109/4661/products/367240cd-70b2-48f4-ade7-7fba34efd618.jpg?v=1601628145,images/fish/maldon-rock-oysters-2.jpg,maldon-rock-oysters
fish,Whole Wild Seabass,40.00,GBP,https://nottinghillfishshop.co.uk/products/whole-seabass,https://cdn.shopify.com/s/files/1/0348/5109/4661/products/f6ad66f4-47ca-4051-977e-fc8286072399_84b32f00-e98c-43e7-8056-361dcf46e588.jpg?v=1601634053,images/fish/whole-seabass-1.jpg,whole-seabass
fish,Whole Wild Seabass,40.00,GBP,https://nottinghillfishshop.co.uk/products/whole-seabass,https://cdn.shopify.com/s/files/1/0348/5109/4661/products/40cd9b87-3f7a-4077-9787-1b614c620398_59b3ba75-129d-4fe6-b9cc-7fe495de0f0e.jpg?v=1601634053,images/fish/whole-seabass-2.jpg,whole-seabass
fish,Whole Wild Seabass,40.00,GBP,https://nottinghillfishshop.co.uk/products/whole-seabass,https://cdn.shopify.com/s/files/1/0348/5109/4661/products/70a195b4-e76b-4cbb-8190-519af4d3f310_1a567d94-a73d-4f92-a8f0-56025030026f.jpg?v=1601634053,images/fish/whole-seabass-3.jpg,whole-seabass
fish,Wild Monkfish Fillet,6.80,GBP,https://nottinghillfishshop.co.uk/products/wild-monkfish-fillet-various-sizes,https://cdn.shopify.com/s/files/1/0348/5109/4661/products/e680318a-544a-4559-8be9-ac4232aa62a2.jpg?v=1601630378,images/fish/wild-monkfish-fillet-various-sizes-1.jpg,wild-monkfish-fillet-various-sizes
fish,Wild Monkfish Fillet,6.80,GBP,https://nottinghillfishshop.co.uk/products/wild-monkfish-fillet-various-sizes,https://cdn.shopify.com/s/files/1/0348/5109/4661/products/c90b92d4-8e06-4954-a1a2-2eea77666a26.jpg?v=1601630378,images/fish/wild-monkfish-fillet-various-sizes-2.jpg,wild-monkfish-fillet-various-sizes
fish,Wild Hake Fillet,4.30,GBP,https://nottinghillfishshop.co.uk/products/hake-fillet-200g,https://cdn.shopify.com/s/files/1/0348/5109/4661/products/fd6bac97-c5ab-404c-b11c-aaa45c0e042b.jpg?v=1601630219,images/fish/hake-fillet-200g-1.jpg,hake-fillet-200g
fish,Wild Hake Fillet,4.30,GBP,https://nottinghillfishshop.co.uk/products/hake-fillet-200g,https://cdn.shopify.com/s/files/1/0348/5109/4661/products/809184b7-3698-49aa-8706-f9c60147bcb8.jpg?v=1601630219,images/fish/hake-fillet-200g-2.jpg,hake-fillet-200g
fish,Wild Hake Fillet,4.30,GBP,https://nottinghillfishshop.co.uk/products/hake-fillet-200g,https://cdn.shopify.com/s/files/1/0348/5109/4661/products/28f8841a-900e-4f78-9324-e68616f7b17c.jpg?v=1601630219,images/fish/hake-fillet-200g-3.jpg,hake-fillet-200g
fish,Live Mussels,2.15,GBP,https://nottinghillfishshop.co.uk/products/fresh-mussels-various-sizes,https://cdn.shopify.com/s/files/1/0348/5109/4661/products/b18583db-9e5e-418b-a535-9f6221bd2e8a.jpg?v=1601628153,images/fish/fresh-mussels-various-sizes-1.jpg,fresh-mussels-various-sizes
fish,Wild Mackerel Fillet,3.50,GBP,https://nottinghillfishshop.co.uk/products/mackeral,https://cdn.shopify.com/s/files/1/0348/5109/4661/products/3d719fc3-4e46-4c46-be6f-379740b7ff42.jpg?v=1601630082,images/fish/mackeral-1.jpg,mackeral
fish,Wild Mackerel Fillet,3.50,GBP,https://nottinghillfishshop.co.uk/products/mackeral,https://cdn.shopify.com/s/files/1/0348/5109/4661/products/5b9ad8a5-5804-4e45-b113-ece9e69ba3a1.jpg?v=1601630082,images/fish/mackeral-2.jpg,mackeral
fish,Wild Red Mullet Fillet,9.80,GBP,https://nottinghillfishshop.co.uk/products/red-mullet,https://cdn.shopify.com/s/files/1/0348/5109/4661/products/4e021c20-3099-4696-93a7-ef831e652842.jpg?v=1601630093,images/fish/red-mullet-1.jpg,red-mullet
fish,Wild Red Mullet Fillet,9.80,GBP,https://nottinghillfishshop.co.uk/products/red-mullet,https://cdn.shopify.com/s/files/1/0348/5109/4661/products/bd6fe20b-a685-47f9-8c15-fd0ee8fe95c9.jpg?v=1601630093,images/fish/red-mullet-2.jpg,red-mullet
fish,Cooked Lobster,65.00,GBP,https://nottinghillfishshop.co.uk/products/cooked-whole-lobster,https://cdn.shopify.com/s/files/1/0348/5109/4661/products/90086d6c-63a8-4a4f-88f7-06f146cbc61d.jpg?v=1601628124,images/fish/cooked-whole-lobster-1.jpg,cooked-whole-lobster
fish,Cooked Lobster,65.00,GBP,https://nottinghillfishshop.co.uk/products/cooked-whole-lobster,https://cdn.shopify.com/s/files/1/0348/5109/4661/products/d5b950b3-beb9-4b38-aeb7-3b27de76b12e.jpg?v=1601628124,images/fish/cooked-whole-lobster-2.jpg,cooked-whole-lobster
fish,Whole Farmed Sea Bream - Various Sizes,10.80,GBP,https://nottinghillfishshop.co.uk/products/whole-fresh-and-wild-sea-bream,https://cdn.shopify.com/s/files/1/0348/5109/4661/products/18f65c06-da69-4de6-a808-e091c36fabf4.jpg?v=1601633902,images/fish/whole-fresh-and-wild-sea-bream-1.jpg,whole-fresh-and-wild-sea-bream
fish,Whole Farmed Sea Bream - Various Sizes,10.80,GBP,https://nottinghillfishshop.co.uk/products/whole-fresh-and-wild-sea-bream,https://cdn.shopify.com/s/files/1/0348/5109/4661/products/c9d9c426-414f-4574-92ca-5ac4baa321fe.jpg?v=1601633902,images/fish/whole-fresh-and-wild-sea-bream-2.jpg,whole-fresh-and-wild-sea-bream
fish,Whole Farmed Sea Bream - Various Sizes,10.80,GBP,https://nottinghillfishshop.co.uk/products/whole-fresh-and-wild-sea-bream,https://cdn.shopify.com/s/files/1/0348/5109/4661/products/9c81e5ce-02f1-44fb-ba43-09873cda0207.jpg?v=1601633902,images/fish/whole-fresh-and-wild-sea-bream-3.jpg,whole-fresh-and-wild-sea-bream
fish,John Dory Fillet,10.50,GBP,https://nottinghillfishshop.co.uk/products/john-dory-fillet-various-sizes,https://cdn.shopify.com/s/files/1/0348/5109/4661/products/57800916-5c49-424c-82e6-5864a3e8031f.jpg?v=1601630153,images/fish/john-dory-fillet-various-sizes-1.jpg,john-dory-fillet-various-sizes
fish,John Dory Fillet,10.50,GBP,https://nottinghillfishshop.co.uk/products/john-dory-fillet-various-sizes,https://cdn.shopify.com/s/files/1/0348/5109/4661/products/e3f916ad-1549-46c3-8c23-3238c159979f.jpg?v=1601630153,images/fish/john-dory-fillet-various-sizes-2.jpg,john-dory-fillet-various-sizes
fish,Swordfish Steak - 200g,8.75,GBP,https://nottinghillfishshop.co.uk/products/sword-loin,https://cdn.shopify.com/s/files/1/0348/5109/4661/products/62e17b5e-550d-4db4-aa64-21fe02fd1f23.jpg?v=1601630744,images/fish/sword-loin-1.jpg,sword-loin
fish,Swordfish Steak - 200g,8.75,GBP,https://nottinghillfishshop.co.uk/products/sword-loin,https://cdn.shopify.com/s/files/1/0348/5109/4661/products/d8f6c2fd-27b8-4a21-94c1-dd373ccb63b3.jpg?v=1601630744,images/fish/sword-loin-2.jpg,sword-loin
fish,Wild Brill Fillet,8.80,GBP,https://nottinghillfishshop.co.uk/products/brill,https://cdn.shopify.com/s/files/1/0348/5109/4661/products/8e7e2721-4d69-49dc-af5e-22f8e7ea0993.jpg?v=1601630174,images/fish/brill-1.jpg,brill
fish,Wild Brill Fillet,8.80,GBP,https://nottinghillfishshop.co.uk/products/brill,https://cdn.shopify.com/s/files/1/0348/5109/4661/products/edbe9496-0bd3-417a-a3f6-d271eb2b6595.jpg?v=1601630174,images/fish/brill-2.jpg,brill
fish,Wild Brill Fillet,8.80,GBP,https://nottinghillfishshop.co.uk/products/brill,https://cdn.shopify.com/s/files/1/0348/5109/4661/products/5229862c-6c0c-4a22-bb01-6c913bcac3c2.jpg?v=1601630174,images/fish/brill-3.jpg,brill
fish,Whole Wild Turbot,112.50,GBP,https://nottinghillfishshop.co.uk/products/whole-turbot,https://cdn.shopify.com/s/files/1/0348/5109/4661/products/8a2df300-6bd2-48e4-82d2-7d4c7bea91c8.jpg?v=1601633950,images/fish/whole-turbot-1.jpg,whole-turbot
fish,Whole Wild Turbot,112.50,GBP,https://nottinghillfishshop.co.uk/products/whole-turbot,https://cdn.shopify.com/s/files/1/0348/5109/4661/products/0882e8e9-aa4a-47da-9a9e-03f9af50750c.jpg?v=1601633951,images/fish/whole-turbot-2.jpg,whole-turbot
fish,Whole Wild Turbot,112.50,GBP,https://nottinghillfishshop.co.uk/products/whole-turbot,https://cdn.shopify.com/s/files/1/0348/5109/4661/products/a28b676f-6384-488b-8f36-f6a21bb247df.jpg?v=1601633951,images/fish/whole-turbot-3.jpg,whole-turbot
fish,Wild Pollock Fillet,3.55,GBP,https://nottinghillfishshop.co.uk/products/pollock-1,https://cdn.shopify.com/s/files/1/0348/5109/4661/products/914137a3-45b5-4e3e-87d2-f38979246f4c.jpg?v=1601630397,images/fish/pollock-1-1.jpg,pollock-1
fish,Wild Pollock Fillet,3.55,GBP,https://nottinghillfishshop.co.uk/products/pollock-1,https://cdn.shopify.com/s/files/1/0348/5109/4661/products/8880f23a-9664-4886-93b9-4294ec3c68b7.jpg?v=1601630397,images/fish/pollock-1-2.jpg,pollock-1
fish,Whole Wild Dover Sole,22.00,GBP,https://nottinghillfishshop.co.uk/products/dover-sole-whole-fish-min-500g,https://cdn.shopify.com/s/files/1/0348/5109/4661/products/8834f5cc-5eb8-41ec-8674-a895fda7cf70.jpg?v=1601633963,images/fish/dover-sole-whole-fish-min-500g-1.jpg,dover-sole-whole-fish-min-500g
fish,Whole Wild Dover Sole,22.00,GBP,https://nottinghillfishshop.co.uk/products/dover-sole-whole-fish-min-500g,https://cdn.shopify.com/s/files/1/0348/5109/4661/products/ac26f309-5a8a-4d9c-8827-b48ea0e1bd6d.jpg?v=1601633963,images/fish/dover-sole-whole-fish-min-500g-2.jpg,dover-sole-whole-fish-min-500g
fish,Wild Plaice Fillet,4.35,GBP,https://nottinghillfishshop.co.uk/products/wild-plaice-fillet-various-sizes,https://cdn.shopify.com/s/files/1/0348/5109/4661/products/2ad8aee1-9468-4377-acac-66ae98f8cf4c.jpg?v=1601634325,images/fish/wild-plaice-fillet-various-sizes-1.jpg,wild-plaice-fillet-various-sizes
fish,Wild Plaice Fillet,4.35,GBP,https://nottinghillfishshop.co.uk/products/wild-plaice-fillet-various-sizes,https://cdn.shopify.com/s/files/1/0348/5109/4661/products/191f32ec-6c05-44d8-8cb5-c0d6f8aed8fe.jpg?v=1601634325,images/fish/wild-plaice-fillet-various-sizes-2.jpg,wild-plaice-fillet-various-sizes
fish,St James Scotch Reserve Smoked Salmon,7.50,GBP,https://nottinghillfishshop.co.uk/products/st-james-scotch-reserve-smoked-salmon,https://cdn.shopify.com/s/files/1/0348/5109/4661/products/0f08fc2f-cc5e-4a6b-8547-47dbd3747f5a.png?v=1615382124,images/fish/st-james-scotch-reserve-smoked-salmon-1.png,st-james-scotch-reserve-smoked-salmon
fish,Hand Picked Brown Crab Meat - 150g,5.00,GBP,https://nottinghillfishshop.co.uk/products/fresh-brown-crab-meat,https://cdn.shopify.com/s/files/1/0348/5109/4661/files/BrownCrabMeat.jpg?v=1686905949,images/fish/fresh-brown-crab-meat-1.jpg,fresh-brown-crab-meat
fish,Hand Picked Brown Crab Meat - 150g,5.00,GBP,https://nottinghillfishshop.co.uk/products/fresh-brown-crab-meat,https://cdn.shopify.com/s/files/1/0348/5109/4661/files/BrownCrabMeat_71f35d17-daa7-409a-bcc7-927cc9b941ac.jpg?v=1686916498,images/fish/fresh-brown-crab-meat-2.jpg,fresh-brown-crab-meat
fish,Hand Picked Brown Crab Meat - 150g,5.00,GBP,https://nottinghillfishshop.co.uk/products/fresh-brown-crab-meat,https://cdn.shopify.com/s/files/1/0348/5109/4661/files/CRAB.jpg?v=1686916545,images/fish/fresh-brown-crab-meat-3.jpg,fresh-brown-crab-meat
fish,Sashimi Grade Salmon Saku Fillet,7.70,GBP,https://nottinghillfishshop.co.uk/products/sashimi-grade-salmon-saku-fillet,https://cdn.shopify.com/s/files/1/0348/5109/4661/products/ef9a660e-6d4e-48ee-9363-7e1129e0ed7a.jpg?v=1601634084,images/fish/sashimi-grade-salmon-saku-fillet-1.jpg,sashimi-grade-salmon-saku-fillet
fish,Live Scottish Native Lobster,59.00,GBP,https://nottinghillfishshop.co.uk/products/live-native-lobster,https://cdn.shopify.com/s/files/1/0348/5109/4661/products/1b3fab8a-b0f5-4d51-b154-06ca168f2905.jpg?v=1601628207,images/fish/live-native-lobster-1.jpg,live-native-lobster
fish,Live Scottish Native Lobster,59.00,GBP,https://nottinghillfishshop.co.uk/products/live-native-lobster,https://cdn.shopify.com/s/files/1/0348/5109/4661/products/4f012750-6fd4-4264-9b75-adf69fccf1a0.jpg?v=1601628207,images/fish/live-native-lobster-2.jpg,live-native-lobster
fish,Live Scottish Native Lobster,59.00,GBP,https://nottinghillfishshop.co.uk/products/live-native-lobster,https://cdn.shopify.com/s/files/1/0348/5109/4661/products/b5221d85-cd6d-423c-87c1-c3d78b8352d9.jpg?v=1601628207,images/fish/live-native-lobster-3.jpg,live-native-lobster
fish,Monkfish Steak - 250g,13.25,GBP,https://nottinghillfishshop.co.uk/products/monkfish-steak-250g,https://cdn.shopify.com/s/files/1/0348/5109/4661/products/6fd2e929-d74e-4cd7-86c9-a7fed51d8515.jpg?v=1601630734,images/fish/monkfish-steak-250g-1.jpg,monkfish-steak-250g
fish,Monkfish Steak - 250g,13.25,GBP,https://nottinghillfishshop.co.uk/products/monkfish-steak-250g,https://cdn.shopify.com/s/files/1/0348/5109/4661/products/758ba501-f400-4ce2-b356-3f652a0503da.jpg?v=1601630734,images/fish/monkfish-steak-250g-2.jpg,monkfish-steak-250g
fish,Wild Halibut Steak - 250g,15.75,GBP,https://nottinghillfishshop.co.uk/products/halibut-steak-200g,https://cdn.shopify.com/s/files/1/0348/5109/4661/products/ca8503a2-1a72-4ac9-9d95-30349b201fbf.jpg?v=1601630772,images/fish/halibut-steak-200g-1.jpg,halibut-steak-200g
fish,Side of Organic Salmon - 1kg,46.50,GBP,https://nottinghillfishshop.co.uk/products/side-of-organic-salmon-1kg,https://cdn.shopify.com/s/files/1/0348/5109/4661/products/9ba31c3b-cef5-4eb5-ae90-002a26137e48_7c98bbc1-606d-4ba0-9eb9-5e0a7a208f7a.jpg?v=1636381505,images/fish/side-of-organic-salmon-1kg-1.jpg,side-of-organic-salmon-1kg
fish,Side of Organic Salmon - 1kg,46.50,GBP,https://nottinghillfishshop.co.uk/products/side-of-organic-salmon-1kg,https://cdn.shopify.com/s/files/1/0348/5109/4661/products/56fd2d0c-e65b-4974-aa5a-c25bf2e25590_5a1b61c0-7fb1-4458-9193-3a374c97e027.jpg?v=1636381505,images/fish/side-of-organic-salmon-1kg-2.jpg,side-of-organic-salmon-1kg
fish,Side of Organic Salmon - 1kg,46.50,GBP,https://nottinghillfishshop.co.uk/products/side-of-organic-salmon-1kg,https://cdn.shopify.com/s/files/1/0348/5109/4661/products/ef9a660e-6d4e-48ee-9363-7e1129e0ed7a_f68fb5b5-522a-4e5a-8b68-f4d97c1f7890.jpg?v=1636381505,images/fish/side-of-organic-salmon-1kg-3.jpg,side-of-organic-salmon-1kg
fish,Yellowtail Sashimi Block,9.90,GBP,https://nottinghillfishshop.co.uk/products/yellow-tail-sashimi-block,https://cdn.shopify.com/s/files/1/0348/5109/4661/files/555B1103-3E69-44B5-BC76-BBDAB6AF9899_69cd42f2-ca02-40ae-8b35-bdd02e4f7096.jpg?v=1730901610,images/fish/yellow-tail-sashimi-block-1.jpg,yellow-tail-sashimi-block
fish,Yellowtail Sashimi Block,9.90,GBP,https://nottinghillfishshop.co.uk/products/yellow-tail-sashimi-block,https://cdn.shopify.com/s/files/1/0348/5109/4661/files/D350B230-428E-4A96-A1D6-808C21995743_6abd30b6-eb4c-42ed-b8ef-0af8fd70da5c.jpg?v=1730901714,images/fish/yellow-tail-sashimi-block-2.jpg,yellow-tail-sashimi-block
fish,Whole Skate Wing - 250g,4.50,GBP,https://nottinghillfishshop.co.uk/products/whole-skate-wing-various-sizes,https://cdn.shopify.com/s/files/1/0348/5109/4661/products/aafbd72d-3b01-4104-b18e-57009b3893c5.jpg?v=1601634015,images/fish/whole-skate-wing-various-sizes-1.jpg,whole-skate-wing-various-sizes
fish,Whole Skate Wing - 250g,4.50,GBP,https://nottinghillfishshop.co.uk/products/whole-skate-wing-various-sizes,https://cdn.shopify.com/s/files/1/0348/5109/4661/products/23800106-599e-4058-8416-6776e553fba2.jpg?v=1601634015,images/fish/whole-skate-wing-various-sizes-2.jpg,whole-skate-wing-various-sizes
fish,Live Razor Clams,8.75,GBP,https://nottinghillfishshop.co.uk/products/razor-clams,https://cdn.shopify.com/s/files/1/0348/5109/4661/products/3491ff7c-897c-4fae-8eaf-e51a33e57c99.jpg?v=1601634138,images/fish/razor-clams-1.jpg,razor-clams
fish,Live Razor Clams,8.75,GBP,https://nottinghillfishshop.co.uk/products/razor-clams,https://cdn.shopify.com/s/files/1/0348/5109/4661/products/7c0cf7d5-6b4d-45be-8213-bd1cb9e01110.jpg?v=1601634138,images/fish/razor-clams-2.jpg,razor-clams
fish,Smoked Salmon Mild - approx 227g,15.25,GBP,https://nottinghillfishshop.co.uk/products/smoked-salmon-mild-notting-hill-fish-shop-approx-227g,https://cdn.shopify.com/s/files/1/0348/5109/4661/products/24.jpg?v=1670423743,images/fish/smoked-salmon-mild-notting-hill-fish-shop-approx-227g-1.jpg,smoked-salmon-mild-notting-hill-fish-shop-approx-227g
fish,Farmed Seabass Fillets,9.00,GBP,https://nottinghillfishshop.co.uk/products/farmed-seabass-fillets,https://cdn.shopify.com/s/files/1/0348/5109/4661/products/faac4780-c1f5-4951-b16d-dc43ba788ca2_5e763ddc-c97b-4883-adf9-de9f30746ea2.jpg?v=1680282657,images/fish/farmed-seabass-fillets-1.jpg,farmed-seabass-fillets
fish,Farmed Seabass Fillets,9.00,GBP,https://nottinghillfishshop.co.uk/products/farmed-seabass-fillets,https://cdn.shopify.com/s/files/1/0348/5109/4661/products/bb7782ce-fed7-4975-b5b7-91a5485f5238_55c1bc55-107d-48a4-b3fa-7879e702491c.jpg?v=1680282657,images/fish/farmed-seabass-fillets-2.jpg,farmed-seabass-fillets
fish,Farmed Seabass Fillets,9.00,GBP,https://nottinghillfishshop.co.uk/products/farmed-seabass-fillets,https://cdn.shopify.com/s/files/1/0348/5109/4661/products/68359cb9-fe86-4051-b897-74e02decfc66_80bfa9e8-a7d4-4af1-8111-623da7607027.jpg?v=1680282656,images/fish/farmed-seabass-fillets-3.jpg,farmed-seabass-fillets
fish,Heiplog Brown Shrimp,8.50,GBP,https://nottinghillfishshop.co.uk/products/heiplog-brown-shrimp,https://cdn.shopify.com/s/files/1/0348/5109/4661/products/436fde1e-7d1a-449b-aee2-bcc9cdf8762e.png?v=1615382261,images/fish/heiplog-brown-shrimp-1.png,heiplog-brown-shrimp
fish,Smoked Mackerel - 400g,7.80,GBP,https://nottinghillfishshop.co.uk/products/whole-smoked-mackerel-400g,https://cdn.shopify.com/s/files/1/0348/5109/4661/products/22633c79-b8d5-4848-85d3-abeef3a06e00.jpg?v=1601633810,images/fish/whole-smoked-mackerel-400g-1.jpg,whole-smoked-mackerel-400g
fish,Smoked Mackerel - 400g,7.80,GBP,https://nottinghillfishshop.co.uk/products/whole-smoked-mackerel-400g,https://cdn.shopify.com/s/files/1/0348/5109/4661/products/f61f1de6-2230-43bf-9b4f-fa089a011c94.jpg?v=1601633810,images/fish/whole-smoked-mackerel-400g-2.jpg,whole-smoked-mackerel-400g
fish,Large Live Langoustines,4.70,GBP,https://nottinghillfishshop.co.uk/products/live-langoustines-individual,https://cdn.shopify.com/s/files/1/0348/5109/4661/products/WhatsAppImage2020-12-28at13.36.40.jpg?v=1609162711,images/fish/live-langoustines-individual-1.jpg,live-langoustines-individual
fish,Whole Wild Mackerel - 400g-500g,6.75,GBP,https://nottinghillfishshop.co.uk/products/whole-smoked-mackeral,https://cdn.shopify.com/s/files/1/0348/5109/4661/products/09d8703e-73e0-42f9-9afe-7222a5e99870.jpg?v=1601634034,images/fish/whole-smoked-mackeral-1.jpg,whole-smoked-mackeral
fish,Whole Wild Mackerel - 400g-500g,6.75,GBP,https://nottinghillfishshop.co.uk/products/whole-smoked-mackeral,https://cdn.shopify.com/s/files/1/0348/5109/4661/products/46cfebe9-5863-48bd-b003-5089b83ad9b4.jpg?v=1601634034,images/fish/whole-smoked-mackeral-2.jpg,whole-smoked-mackeral
fish,Whole Wild Mackerel - 400g-500g,6.75,GBP,https://nottinghillfishshop.co.uk/products/whole-smoked-mackeral,https://cdn.shopify.com/s/files/1/0348/5109/4661/products/1e54974f-00a8-40f6-9b9a-ceb9f83daa9c.jpg?v=1601634034,images/fish/whole-smoked-mackeral-3.jpg,whole-smoked-mackeral
fish,Whole Wild Lemon Sole - 450-500g,23.00,GBP,https://nottinghillfishshop.co.uk/products/lemon-sole-whole-fish,https://cdn.shopify.com/s/files/1/0348/5109/4661/products/169985a0-26ae-4185-976e-9f72ada7a077.jpg?v=1601633917,images/fish/lemon-sole-whole-fish-1.jpg,lemon-sole-whole-fish
fish,Whole Wild Lemon Sole - 450-500g,23.00,GBP,https://nottinghillfishshop.co.uk/products/lemon-sole-whole-fish,https://cdn.shopify.com/s/files/1/0348/5109/4661/products/00d5df47-5fbe-4730-b482-9e8b5a6412e8.jpg?v=1601633917,images/fish/lemon-sole-whole-fish-2.jpg,lemon-sole-whole-fish
fish,Whole Red Mullet - 200-300g,14.50,GBP,https://nottinghillfishshop.co.uk/products/whole-red-mullet-various-sizes,https://cdn.shopify.com/s/files/1/0348/5109/4661/products/4a009751-2f97-47d0-98ed-84466a87fd33.jpg?v=1601634002,images/fish/whole-red-mullet-various-sizes-1.jpg,whole-red-mullet-various-sizes
fish,Whole Red Mullet - 200-300g,14.50,GBP,https://nottinghillfishshop.co.uk/products/whole-red-mullet-various-sizes,https://cdn.shopify.com/s/files/1/0348/5109/4661/products/21a3aaa2-cfc4-475e-acec-47448369ca03.jpg?v=1601634002,images/fish/whole-red-mullet-various-sizes-2.jpg,whole-red-mullet-various-sizes
fish,Whole Wild Brill,59.25,GBP,https://nottinghillfishshop.co.uk/products/whole-fresh-and-wild-brill,https://cdn.shopify.com/s/files/1/0348/5109/4661/products/a5ee7434-e719-46e4-b388-29502f873693.jpg?v=1601633903,images/fish/whole-fresh-and-wild-brill-1.jpg,whole-fresh-and-wild-brill
fish,Whole Wild Brill,59.25,GBP,https://nottinghillfishshop.co.uk/products/whole-fresh-and-wild-brill,https://cdn.shopify.com/s/files/1/0348/5109/4661/products/862c8103-6237-40a8-9a19-f115ddc6edb2.jpg?v=1601633903,images/fish/whole-fresh-and-wild-brill-2.jpg,whole-fresh-and-wild-brill
fish,Whole Wild Brill,59.25,GBP,https://nottinghillfishshop.co.uk/products/whole-fresh-and-wild-brill,https://cdn.shopify.com/s/files/1/0348/5109/4661/products/f7eb7220-b4a9-4867-8dc5-eaf982c47742.jpg?v=1601633903,images/fish/whole-fresh-and-wild-brill-3.jpg,whole-fresh-and-wild-brill
fish,Hake Steak - 250g,8.25,GBP,https://nottinghillfishshop.co.uk/products/hake-steak-250g-1,https://cdn.shopify.com/s/files/1/0348/5109/4661/products/f82e6a0c-af94-419c-a8ae-30d878695a32.jpg?v=1601630706,images/fish/hake-steak-250g-1-1.jpg,hake-steak-250g-1
fish,Hake Steak - 250g,8.25,GBP,https://nottinghillfishshop.co.uk/products/hake-steak-250g-1,https://cdn.shopify.com/s/files/1/0348/5109/4661/products/29d201c1-a4eb-4744-8deb-0a0a8f8b9136.jpg?v=1601630706,images/fish/hake-steak-250g-1-2.jpg,hake-steak-250g-1
fish,Red Prawns Mazara Del Valo - sold each,7.00,GBP,https://nottinghillfishshop.co.uk/products/copy-of-medium-tiger-prawns,https://cdn.shopify.com/s/files/1/0348/5109/4661/files/Prawns_f5ff1c8d-aa5d-4f10-95c8-1862e9d6de79.jpg?v=1700579678,images/fish/copy-of-medium-tiger-prawns-1.jpg,copy-of-medium-tiger-prawns
fish,Whole Wild John Dory,48.00,GBP,https://nottinghillfishshop.co.uk/products/whole-john-dory-various-sizes,https://cdn.shopify.com/s/files/1/0348/5109/4661/products/7dabe09d-7967-455b-8757-b2eb30439b8c.jpg?v=1601634005,images/fish/whole-john-dory-various-sizes-1.jpg,whole-john-dory-various-sizes
fish,Whole Wild John Dory,48.00,GBP,https://nottinghillfishshop.co.uk/products/whole-john-dory-various-sizes,https://cdn.shopify.com/s/files/1/0348/5109/4661/products/5592da4b-8e32-478b-b281-ead7fd542179.jpg?v=1601634005,images/fish/whole-john-dory-various-sizes-2.jpg,whole-john-dory-various-sizes
fish,Whole Wild John Dory,48.00,GBP,https://nottinghillfishshop.co.uk/products/whole-john-dory-various-sizes,https://cdn.shopify.com/s/files/1/0348/5109/4661/products/12bf81ef-e259-44ef-a9d6-ce01daf8abe7.jpg?v=1601634005,images/fish/whole-john-dory-various-sizes-3.jpg,whole-john-dory-various-sizes
fish,Wild Loose Scallops,6.90,GBP,https://nottinghillfishshop.co.uk/products/wild-loose-scallops,https://cdn.shopify.com/s/files/1/0348/5109/4661/files/326ECEF9-B2BB-4B21-9AC4-551FF71CF8CA.png?v=1756899237,images/fish/wild-loose-scallops-1.png,wild-loose-scallops
fish,Wild Loose Scallops,6.90,GBP,https://nottinghillfishshop.co.uk/products/wild-loose-scallops,https://cdn.shopify.com/s/files/1/0348/5109/4661/files/489FD4C7-94FA-4583-936A-15D2812F3648.png?v=1756899278,images/fish/wild-loose-scallops-2.png,wild-loose-scallops
fish,Smoked Eel,19.00,GBP,https://nottinghillfishshop.co.uk/products/smoked-eel,https://cdn.shopify.com/s/files/1/0348/5109/4661/products/25.jpg?v=1670435294,images/fish/smoked-eel-1.jpg,smoked-eel
fish,Whole Fresh Sardine,1.00,GBP,https://nottinghillfishshop.co.uk/products/whole-fresh-sardine,https://cdn.shopify.com/s/files/1/0348/5109/4661/files/B0766B7D-8879-42FF-80DD-AC3AEC2979BF.jpg?v=1754575528,images/fish/whole-fresh-sardine-1.jpg,whole-fresh-sardine
fish,Arënkha Herring Roe,15.00,GBP,https://nottinghillfishshop.co.uk/products/arenkha-herring-roe,https://cdn.shopify.com/s/files/1/0348/5109/4661/products/Screenshot2021-03-10at11.48.37.png?v=1754140508,images/fish/arenkha-herring-roe-1.png,arenkha-herring-roe
fish,Salmon Roe Keta,24.00,GBP,https://nottinghillfishshop.co.uk/products/salmon-roe-keta-1,https://cdn.shopify.com/s/files/1/0348/5109/4661/files/33EBDEA5-A264-4D00-A7B1-0E0C6B6A8B42.jpg?v=1754140213,images/fish/salmon-roe-keta-1-1.jpg,salmon-roe-keta-1
fish,Whole Farmed Seabass,20.00,GBP,https://nottinghillfishshop.co.uk/products/farmed-seabass,https://cdn.shopify.com/s/files/1/0348/5109/4661/products/40cd9b87-3f7a-4077-9787-1b614c620398_50ad30b1-d6b4-4b30-a0d0-cd33b60fbefb.jpg?v=1680281568,images/fish/farmed-seabass-1.jpg,farmed-seabass
fish,Whole Farmed Seabass,20.00,GBP,https://nottinghillfishshop.co.uk/products/farmed-seabass,https://cdn.shopify.com/s/files/1/0348/5109/4661/products/70a195b4-e76b-4cbb-8190-519af4d3f310_d0be062f-710b-42be-b6e6-097a12ebd226.jpg?v=1680281568,images/fish/farmed-seabass-2.jpg,farmed-seabass
fish,Whole Farmed Seabass,20.00,GBP,https://nottinghillfishshop.co.uk/products/farmed-seabass,https://cdn.shopify.com/s/files/1/0348/5109/4661/products/f6ad66f4-47ca-4051-977e-fc8286072399_78ee0add-b2ed-475e-9bc4-c7de7500c511.jpg?v=1680281568,images/fish/farmed-seabass-3.jpg,farmed-seabass
fish,Cooked Atlantic Prawns,2.20,GBP,https://nottinghillfishshop.co.uk/products/cooked-atlantic-prawns,https://cdn.shopify.com/s/files/1/0348/5109/4661/files/FF1873EE-0661-458E-9B31-AC7019C793CB.png?v=1756894415,images/fish/cooked-atlantic-prawns-1.png,cooked-atlantic-prawns
fish,Cooked Atlantic Prawns,2.20,GBP,https://nottinghillfishshop.co.uk/products/cooked-atlantic-prawns,https://cdn.shopify.com/s/files/1/0348/5109/4661/files/1E089C64-28ED-4B6D-8095-B0EFC9F555B4.png?v=1756894454,images/fish/cooked-atlantic-prawns-2.png,cooked-atlantic-prawns
fish,Cooked Langoustines,5.00,GBP,https://nottinghillfishshop.co.uk/products/cooked-langoustines,https://cdn.shopify.com/s/files/1/0348/5109/4661/files/9D6B8D17-376F-4BAA-92A5-A30D0718709A.png?v=1756904665,images/fish/cooked-langoustines-1.png,cooked-langoustines
fish,Cooked Langoustines,5.00,GBP,https://nottinghillfishshop.co.uk/products/cooked-langoustines,https://cdn.shopify.com/s/files/1/0348/5109/4661/files/284BF496-D2DA-456D-83C2-1115E3D21A85.png?v=1756904697,images/fish/cooked-langoustines-2.png,cooked-langoustines
fish,Cod Cheeks,2.75,GBP,https://nottinghillfishshop.co.uk/products/cod-cheeks,https://cdn.shopify.com/s/files/1/0348/5109/4661/files/04455EBF-BED4-48EB-B15A-2079AD0D58D8.png?v=1756900110,images/fish/cod-cheeks-1.png,cod-cheeks
fish,Cod Cheeks,2.75,GBP,https://nottinghillfishshop.co.uk/products/cod-cheeks,https://cdn.shopify.com/s/files/1/0348/5109/4661/files/B350180D-FD41-4146-ADAA-68B97135D11D.png?v=1756901197,images/fish/cod-cheeks-2.png,cod-cheeks
fish,Carabineros - sold each,31.00,GBP,https://nottinghillfishshop.co.uk/products/copy-of-red-prawns-mazara-del-valo-sold-each-1,https://cdn.shopify.com/s/files/1/0348/5109/4661/files/Shrimp.jpg?v=1700579863,images/fish/copy-of-red-prawns-mazara-del-valo-sold-each-1-1.jpg,copy-of-red-prawns-mazara-del-valo-sold-each-1
fish,Trout Roe,18.50,GBP,https://nottinghillfishshop.co.uk/products/trout-roe,https://cdn.shopify.com/s/files/1/0348/5109/4661/files/73FF6C07-D8F5-4939-88E0-AB1741860C2B.jpg?v=1754140283,images/fish/trout-roe-1.jpg,trout-roe
fish,Salmon Jerky - 100g,8.00,GBP,https://nottinghillfishshop.co.uk/products/salmon-jerky-100g,https://cdn.shopify.com/s/files/1/0348/5109/4661/files/20F81B2E-74F3-4C44-AAE2-B31D1BAD3FE5.png?v=1756913380,images/fish/salmon-jerky-100g-1.png,salmon-jerky-100g
fish,Cooked Crab Claws,10.65,GBP,https://nottinghillfishshop.co.uk/products/cooked-crab-claws,https://cdn.shopify.com/s/files/1/0348/5109/4661/files/B287044D-FDB3-46A1-A7C3-41431D7EEB77.png?v=1756895231,images/fish/cooked-crab-claws-1.png,cooked-crab-claws
fish,Cooked Crab Claws,10.65,GBP,https://nottinghillfishshop.co.uk/products/cooked-crab-claws,https://cdn.shopify.com/s/files/1/0348/5109/4661/files/DC16C259-17E2-4B19-AA08-3881D586FFA4.png?v=1756895262,images/fish/cooked-crab-claws-2.png,cooked-crab-claws
fish,Smoked Cod Roe,9.90,GBP,https://nottinghillfishshop.co.uk/products/smoked-cod-roe,https://cdn.shopify.com/s/files/1/0348/5109/4661/files/42023BFE-D1B5-4764-8CBF-54C6D2406254.jpg?v=1754141457,images/fish/smoked-cod-roe-1.jpg,smoked-cod-roe
meat,Chicken Fillets 500g,14.00,GBP,https://nottinghillfishshop.co.uk/products/hg-walter®-chicken-fillets-2-count,https://cdn.shopify.com/s/files/1/0348/5109/4661/products/fb94000e-a6ff-4595-916f-2a9898faa3f5.jpg?v=1601629552,images/meat/hg-walter®-chicken-fillets-2-count-1.jpg,hg-walter®-chicken-fillets-2-count
meat,Chicken Fillets 500g,14.00,GBP,https://nottinghillfishshop.co.uk/products/hg-walter®-chicken-fillets-2-count,https://cdn.shopify.com/s/files/1/0348/5109/4661/products/31784131-69df-4793-be24-eac895ced281.jpg?v=1601629552,images/meat/hg-walter®-chicken-fillets-2-count-2.jpg,hg-walter®-chicken-fillets-2-count
meat,Grass Fed Scotch Beef Mince,12.50,GBP,https://nottinghillfishshop.co.uk/products/scotch-mince-500g,https://cdn.shopify.com/s/files/1/0348/5109/4661/products/7dfb68cc-f3ea-4790-bc3a-ea38263056cf.jpg?v=1601628408,images/meat/scotch-mince-500g-1.jpg,scotch-mince-500g
meat,Grass Fed Scotch Beef Mince,12.50,GBP,https://nottinghillfishshop.co.uk/products/scotch-mince-500g,https://cdn.shopify.com/s/files/1/0348/5109/4661/products/658a281e-6509-49cf-a708-7ac0c9a77fa0.jpg?v=1601628408,images/meat/scotch-mince-500g-2.jpg,scotch-mince-500g
meat,Boneless Skinless Chicken Thighs - 4 x 120g,10.50,GBP,https://nottinghillfishshop.co.uk/products/hg-walter®-boneless-and-skinless-chicken-thighs-500g,https://cdn.shopify.com/s/files/1/0348/5109/4661/products/11ae212d-0c82-4296-a49d-7d8f38bbb7a8.jpg?v=1601629513,images/meat/hg-walter®-boneless-and-skinless-chicken-thighs-500g-1.jpg,hg-walter®-boneless-and-skinless-chicken-thighs-500g
meat,Dry Aged Ribeye Steaks,17.00,GBP,https://nottinghillfishshop.co.uk/products/dry-aged-ribeye-steak-250g-x-2,https://cdn.shopify.com/s/files/1/0348/5109/4661/products/7c9c266a-c271-4655-8674-2e819341f833.jpg?v=1601982804,images/meat/dry-aged-ribeye-steak-250g-x-2-1.jpg,dry-aged-ribeye-steak-250g-x-2
meat,Dry Aged Ribeye Steaks,17.00,GBP,https://nottinghillfishshop.co.uk/products/dry-aged-ribeye-steak-250g-x-2,https://cdn.shopify.com/s/files/1/0348/5109/4661/products/9dd83654-f7bc-4b69-b8ea-14c05a5e0550.jpg?v=1601982804,images/meat/dry-aged-ribeye-steak-250g-x-2-2.jpg,dry-aged-ribeye-steak-250g-x-2
meat,Classic Steak Burgers - 2 x 155g,7.60,GBP,https://nottinghillfishshop.co.uk/products/hg-walter®-classic-steak-burgers-2x-155g,https://cdn.shopify.com/s/files/1/0348/5109/4661/products/6e29c524-1a74-4c10-9449-8dd4de7f7e5c.jpg?v=1601628766,images/meat/hg-walter®-classic-steak-burgers-2x-155g-1.jpg,hg-walter®-classic-steak-burgers-2x-155g
meat,Classic Steak Burgers - 2 x 155g,7.60,GBP,https://nottinghillfishshop.co.uk/products/hg-walter®-classic-steak-burgers-2x-155g,https://cdn.shopify.com/s/files/1/0348/5109/4661/products/97f21707-805c-4a76-8e6b-84a58ad8ed1f.jpg?v=1601628766,images/meat/hg-walter®-classic-steak-burgers-2x-155g-2.jpg,hg-walter®-classic-steak-burgers-2x-155g
meat,Free Range Chicken Breast Supreme 300g,7.80,GBP,https://nottinghillfishshop.co.uk/products/hg-walter®-free-range-chicken-breast-supreme-wing-bone-in-2-or-4-count,https://cdn.shopify.com/s/files/1/0348/5109/4661/products/632ace56-e275-4999-9040-5c91a01405ba.jpg?v=1601629589,images/meat/hg-walter®-free-range-chicken-breast-supreme-wing-bone-in-2-or-4-count-1.jpg,hg-walter®-free-range-chicken-breast-supreme-wing-bone-in-2-or-4-count
meat,Free Range Chicken Breast Supreme 300g,7.80,GBP,https://nottinghillfishshop.co.uk/products/hg-walter®-free-range-chicken-breast-supreme-wing-bone-in-2-or-4-count,https://cdn.shopify.com/s/files/1/0348/5109/4661/products/acc775ae-ed16-4391-8399-89a2d8054eb6.jpg?v=1601629589,images/meat/hg-walter®-free-range-chicken-breast-supreme-wing-bone-in-2-or-4-count-2.jpg,hg-walter®-free-range-chicken-breast-supreme-wing-bone-in-2-or-4-count
meat,Lamb Cutlets,12.50,GBP,https://nottinghillfishshop.co.uk/products/hg-walter-lamb-cutlets-minimum-pack-of-3,https://cdn.shopify.com/s/files/1/0348/5109/4661/products/c8d3265e-999e-47a2-8aea-5baac2683e72.jpg?v=1601632185,images/meat/hg-walter-lamb-cutlets-minimum-pack-of-3-1.jpg,hg-walter-lamb-cutlets-minimum-pack-of-3
meat,Lamb Cutlets,12.50,GBP,https://nottinghillfishshop.co.uk/products/hg-walter-lamb-cutlets-minimum-pack-of-3,https://cdn.shopify.com/s/files/1/0348/5109/4661/products/9b070cd1-c7f2-421b-b7ae-8497a3094b4e.jpg?v=1601632185,images/meat/hg-walter-lamb-cutlets-minimum-pack-of-3-2.jpg,hg-walter-lamb-cutlets-minimum-pack-of-3
meat,Free Range Chicken Thighs,10.50,GBP,https://nottinghillfishshop.co.uk/products/hg-walter®-free-range-chicken-thighs-4-or-8-count,https://cdn.shopify.com/s/files/1/0348/5109/4661/products/52e5ef32-ad02-4d26-9888-2c4526ca1626.jpg?v=1601629603,images/meat/hg-walter®-free-range-chicken-thighs-4-or-8-count-1.jpg,hg-walter®-free-range-chicken-thighs-4-or-8-count
meat,Stoddart's Beef Fillet,14.00,GBP,https://nottinghillfishshop.co.uk/products/hg-walter®-beef-fillet-centre-cut,https://cdn.shopify.com/s/files/1/0348/5109/4661/products/b48bf970-0891-4c64-8e80-e85f40f35838.jpg?v=1601908454,images/meat/hg-walter®-beef-fillet-centre-cut-1.jpg,hg-walter®-beef-fillet-centre-cut
meat,Veal Escalopes,7.90,GBP,https://nottinghillfishshop.co.uk/products/hg-walter®-veal-escalopes-135g-min,https://cdn.shopify.com/s/files/1/0348/5109/4661/products/b6e2d184-8f26-4700-9caf-8fd374e74fe2.jpg?v=1601633047,images/meat/hg-walter®-veal-escalopes-135g-min-1.jpg,hg-walter®-veal-escalopes-135g-min
meat,Veal Escalopes,7.90,GBP,https://nottinghillfishshop.co.uk/products/hg-walter®-veal-escalopes-135g-min,https://cdn.shopify.com/s/files/1/0348/5109/4661/products/d1a5c6c7-718f-4211-a4e8-041d37362846.jpg?v=1601633047,images/meat/hg-walter®-veal-escalopes-135g-min-2.jpg,hg-walter®-veal-escalopes-135g-min
meat,Chipolata Sausages - Pack of 12,6.75,GBP,https://nottinghillfishshop.co.uk/products/hg-walter®-chipolata-sausages-min-450g-pack-12-sausages,https://cdn.shopify.com/s/files/1/0348/5109/4661/products/670c2655-885d-4da3-a6c7-dc67be76a2f5.jpg?v=1601908966,images/meat/hg-walter®-chipolata-sausages-min-450g-pack-12-sausages-1.jpg,hg-walter®-chipolata-sausages-min-450g-pack-12-sausages
meat,Chicken Mince,11.25,GBP,https://nottinghillfishshop.co.uk/products/hg-walter®-chicken-mince-500g,https://cdn.shopify.com/s/files/1/0348/5109/4661/products/5a07f493-ba40-4a6f-8e66-fac291ac6f37.jpg?v=1601629562,images/meat/hg-walter®-chicken-mince-500g-1.jpg,hg-walter®-chicken-mince-500g
meat,Chicken Mince,11.25,GBP,https://nottinghillfishshop.co.uk/products/hg-walter®-chicken-mince-500g,https://cdn.shopify.com/s/files/1/0348/5109/4661/products/02aecc69-a4de-46dc-984a-7bbe9521ee0b.jpg?v=1601629562,images/meat/hg-walter®-chicken-mince-500g-2.jpg,hg-walter®-chicken-mince-500g
meat,Grass Fed Lamb Mince,11.75,GBP,https://nottinghillfishshop.co.uk/products/lamb-mince-500g,https://cdn.shopify.com/s/files/1/0348/5109/4661/products/8d0634a0-b5c3-4481-8757-ab2df22b446d.jpg?v=1601632271,images/meat/lamb-mince-500g-1.jpg,lamb-mince-500g
meat,Free Range Chicken Legs,10.50,GBP,https://nottinghillfishshop.co.uk/products/hg-walter®-free-range-chicken-legs-2-count,https://cdn.shopify.com/s/files/1/0348/5109/4661/products/edc497a7-cfef-44ce-9ccd-02ee1a1279a4.jpg?v=1601629596,images/meat/hg-walter®-free-range-chicken-legs-2-count-1.jpg,hg-walter®-free-range-chicken-legs-2-count
meat,Cumberland Sausages - Pack of 6,7.25,GBP,https://nottinghillfishshop.co.uk/products/hg-walter-cumberland-sausages-min-pack-450g-6-sausages,https://cdn.shopify.com/s/files/1/0348/5109/4661/products/5b47108b-3ca7-4bf9-b541-dea99f5c6c10.jpg?v=1601634211,images/meat/hg-walter-cumberland-sausages-min-pack-450g-6-sausages-1.jpg,hg-walter-cumberland-sausages-min-pack-450g-6-sausages
meat,Home Cured Smoked Streaky Bacon,8.50,GBP,https://nottinghillfishshop.co.uk/products/hg-walter®-home-cured-streaky-bacon-min-500g-approx-200-rashers,https://cdn.shopify.com/s/files/1/0348/5109/4661/products/1d1663a4-a0d5-4026-83d9-02a6f5f19c47.jpg?v=1601633184,images/meat/hg-walter®-home-cured-streaky-bacon-min-500g-approx-200-rashers-1.jpg,hg-walter®-home-cured-streaky-bacon-min-500g-approx-200-rashers
meat,Dry Aged Sirloin Steaks,14.50,GBP,https://nottinghillfishshop.co.uk/products/dry-aged-sirloin-steak-250g-x-2,https://cdn.shopify.com/s/files/1/0348/5109/4661/products/21fa77cf-c7de-4663-a112-58988289d46a.jpg?v=1601628408,images/meat/dry-aged-sirloin-steak-250g-x-2-1.jpg,dry-aged-sirloin-steak-250g-x-2
meat,Beef Bavette Steak,8.50,GBP,https://nottinghillfishshop.co.uk/products/hg-walter®-beef-bavette-steak,https://cdn.shopify.com/s/files/1/0348/5109/4661/products/019ff02f-238b-4721-8563-5707a9c548c0.jpg?v=1601628620,images/meat/hg-walter®-beef-bavette-steak-1.jpg,hg-walter®-beef-bavette-steak
meat,Beef Bavette Steak,8.50,GBP,https://nottinghillfishshop.co.uk/products/hg-walter®-beef-bavette-steak,https://cdn.shopify.com/s/files/1/0348/5109/4661/products/392eb139-6690-4cfb-825a-2fc64bda0b8a.jpg?v=1601628620,images/meat/hg-walter®-beef-bavette-steak-2.jpg,hg-walter®-beef-bavette-steak
meat,Pork Mince,8.00,GBP,https://nottinghillfishshop.co.uk/products/hg-walter®-pork-mince-min-pack-of-500g,https://cdn.shopify.com/s/files/1/0348/5109/4661/products/1930421a-0c47-4902-b924-cb9b1b4eae2b.jpg?v=1601634522,images/meat/hg-walter®-pork-mince-min-pack-of-500g-1.jpg,hg-walter®-pork-mince-min-pack-of-500g
meat,Ribeye on The Bone - 1kg,52.50,GBP,https://nottinghillfishshop.co.uk/products/hg-walter®-ribeye-on-the-bone-30-25-per-steak,https://cdn.shopify.com/s/files/1/0348/5109/4661/products/eb22b31e-919b-4ca8-bd9c-2643f578b9ff.jpg?v=1601982826,images/meat/hg-walter®-ribeye-on-the-bone-30-25-per-steak-1.jpg,hg-walter®-ribeye-on-the-bone-30-25-per-steak
meat,Ribeye on The Bone - 1kg,52.50,GBP,https://nottinghillfishshop.co.uk/products/hg-walter®-ribeye-on-the-bone-30-25-per-steak,https://cdn.shopify.com/s/files/1/0348/5109/4661/products/134baf83-1bda-4b6f-897a-848b27cf2151.jpg?v=1601982826,images/meat/hg-walter®-ribeye-on-the-bone-30-25-per-steak-2.jpg,hg-walter®-ribeye-on-the-bone-30-25-per-steak
meat,Beef Chateaubriand,35.00,GBP,https://nottinghillfishshop.co.uk/products/hg-walter®-beef-chateaubriand-various,https://cdn.shopify.com/s/files/1/0348/5109/4661/products/aeec8b7a-5bf8-4df6-80b9-f86fe902544d.jpg?v=1601908495,images/meat/hg-walter®-beef-chateaubriand-various-1.jpg,hg-walter®-beef-chateaubriand-various
meat,Beef Chateaubriand,35.00,GBP,https://nottinghillfishshop.co.uk/products/hg-walter®-beef-chateaubriand-various,https://cdn.shopify.com/s/files/1/0348/5109/4661/products/98edd445-00b0-4e77-97c8-bd65c801d5ea.jpg?v=1601908495,images/meat/hg-walter®-beef-chateaubriand-various-2.jpg,hg-walter®-beef-chateaubriand-various
meat,Diced Beef Chuck,6.00,GBP,https://nottinghillfishshop.co.uk/products/hg-walter®-diced-chuck,https://cdn.shopify.com/s/files/1/0348/5109/4661/products/72cde133-db02-4ba2-aa5e-f29d8c6cd08e.jpg?v=1601628931,images/meat/hg-walter®-diced-chuck-1.jpg,hg-walter®-diced-chuck
meat,Diced Beef Chuck,6.00,GBP,https://nottinghillfishshop.co.uk/products/hg-walter®-diced-chuck,https://cdn.shopify.com/s/files/1/0348/5109/4661/products/1fda1199-95da-4bd9-8e75-76109a4f7e27.jpg?v=1601628931,images/meat/hg-walter®-diced-chuck-2.jpg,hg-walter®-diced-chuck
meat,Chicken Drumsticks 500g,6.75,GBP,https://nottinghillfishshop.co.uk/products/hg-walter®-chicken-drumsticks-4-pack,https://cdn.shopify.com/s/files/1/0348/5109/4661/products/4f4df1bb-7409-477e-80c5-ca47ab720600.jpg?v=1601629647,images/meat/hg-walter®-chicken-drumsticks-4-pack-1.jpg,hg-walter®-chicken-drumsticks-4-pack
meat,Chicken Drumsticks 500g,6.75,GBP,https://nottinghillfishshop.co.uk/products/hg-walter®-chicken-drumsticks-4-pack,https://cdn.shopify.com/s/files/1/0348/5109/4661/products/dd017607-6c73-4b98-86fc-a8d562108edc.jpg?v=1601629647,images/meat/hg-walter®-chicken-drumsticks-4-pack-2.jpg,hg-walter®-chicken-drumsticks-4-pack
meat,Diced Chicken Breast,5.75,GBP,https://nottinghillfishshop.co.uk/products/hg-walter®-diced-chicken-breast-500g,https://cdn.shopify.com/s/files/1/0348/5109/4661/products/560b362c-9a73-43d7-a8ca-1e22f64c5459.jpg?v=1601629687,images/meat/hg-walter®-diced-chicken-breast-500g-1.jpg,hg-walter®-diced-chicken-breast-500g
meat,Diced Chicken Breast,5.75,GBP,https://nottinghillfishshop.co.uk/products/hg-walter®-diced-chicken-breast-500g,https://cdn.shopify.com/s/files/1/0348/5109/4661/products/1a26d2c2-4c2b-4d46-ad50-5d4e938b76d7.jpg?v=1601629687,images/meat/hg-walter®-diced-chicken-breast-500g-2.jpg,hg-walter®-diced-chicken-breast-500g
meat,Free Range Pork Tenderloin 400g,13.20,GBP,https://nottinghillfishshop.co.uk/products/hg-walter®-free-range-pork-tenderloin-various-min-400g,https://cdn.shopify.com/s/files/1/0348/5109/4661/products/60cb77e6-396c-425f-b360-c5e5aa35d212.jpg?v=1601983318,images/meat/hg-walter®-free-range-pork-tenderloin-various-min-400g-1.jpg,hg-walter®-free-range-pork-tenderloin-various-min-400g
meat,Poussin,7.00,GBP,https://nottinghillfishshop.co.uk/products/hg-walter®-poussin,https://cdn.shopify.com/s/files/1/0348/5109/4661/products/f5b29a6d-b9df-4fea-b26d-487323e49a37.jpg?v=1601629696,images/meat/hg-walter®-poussin-1.jpg,hg-walter®-poussin
meat,Poussin,7.00,GBP,https://nottinghillfishshop.co.uk/products/hg-walter®-poussin,https://cdn.shopify.com/s/files/1/0348/5109/4661/products/653ed7ae-e8fb-4112-a64b-38adc0e1a52c.jpg?v=1601629697,images/meat/hg-walter®-poussin-2.jpg,hg-walter®-poussin
meat,Beef Bone Marrow Tunnel Cut - 700g,7.50,GBP,https://nottinghillfishshop.co.uk/products/hg-walter®-beef-bone-marrow-tunnel-cut-700g,https://cdn.shopify.com/s/files/1/0348/5109/4661/products/41170bee-0561-46d0-8615-d30bc31ae2a8.jpg?v=1601628550,images/meat/hg-walter®-beef-bone-marrow-tunnel-cut-700g-1.jpg,hg-walter®-beef-bone-marrow-tunnel-cut-700g
meat,Beef Bone Marrow Tunnel Cut - 700g,7.50,GBP,https://nottinghillfishshop.co.uk/products/hg-walter®-beef-bone-marrow-tunnel-cut-700g,https://cdn.shopify.com/s/files/1/0348/5109/4661/products/096646ce-8326-41cf-a5e7-fd33841df9ca.jpg?v=1601628551,images/meat/hg-walter®-beef-bone-marrow-tunnel-cut-700g-2.jpg,hg-walter®-beef-bone-marrow-tunnel-cut-700g
meat,French Trimmed Lamb Rack - 750g,36.00,GBP,https://nottinghillfishshop.co.uk/products/hg-walter®-french-trimmed-lamb-rack-600g,https://cdn.shopify.com/s/files/1/0348/5109/4661/products/2e02226e-bfd0-4525-a994-532999efdf90.jpg?v=1601632303,images/meat/hg-walter®-french-trimmed-lamb-rack-600g-1.jpg,hg-walter®-french-trimmed-lamb-rack-600g
meat,French Trimmed Lamb Rack - 750g,36.00,GBP,https://nottinghillfishshop.co.uk/products/hg-walter®-french-trimmed-lamb-rack-600g,https://cdn.shopify.com/s/files/1/0348/5109/4661/products/3a2e8aff-f70f-4ee5-bba0-1c219242bd55.jpg?v=1601632303,images/meat/hg-walter®-french-trimmed-lamb-rack-600g-2.jpg,hg-walter®-french-trimmed-lamb-rack-600g
meat,Veal Osso Buco,22.00,GBP,https://nottinghillfishshop.co.uk/products/hg-walter®-veal-osso-buco-700g,https://cdn.shopify.com/s/files/1/0348/5109/4661/products/8059e3bc-1fbd-4adb-b9cf-f85b6bfe106b.jpg?v=1601633039,images/meat/hg-walter®-veal-osso-buco-700g-1.jpg,hg-walter®-veal-osso-buco-700g
meat,Veal Osso Buco,22.00,GBP,https://nottinghillfishshop.co.uk/products/hg-walter®-veal-osso-buco-700g,https://cdn.shopify.com/s/files/1/0348/5109/4661/products/99976289-b3fc-4cdf-ac5e-51aa17b63271.jpg?v=1601633039,images/meat/hg-walter®-veal-osso-buco-700g-2.jpg,hg-walter®-veal-osso-buco-700g
meat,English - Reared Duck Breasts,16.00,GBP,https://nottinghillfishshop.co.uk/products/hg-walter®-french-reared-barbary-duck-breasts-2-or-4-count,https://cdn.shopify.com/s/files/1/0348/5109/4661/products/e7ae61c7-4ccb-4f90-9f11-08dc2d090110.jpg?v=1601629631,images/meat/hg-walter®-french-reared-barbary-duck-breasts-2-or-4-count-1.jpg,hg-walter®-french-reared-barbary-duck-breasts-2-or-4-count
meat,Veal Calves Liver,5.50,GBP,https://nottinghillfishshop.co.uk/products/hg-walter®-veal-calfs-liver,https://cdn.shopify.com/s/files/1/0348/5109/4661/products/d43cd302-f092-4c37-ad63-db08132673f6.jpg?v=1601633010,images/meat/hg-walter®-veal-calfs-liver-1.jpg,hg-walter®-veal-calfs-liver
meat,Veal Calves Liver,5.50,GBP,https://nottinghillfishshop.co.uk/products/hg-walter®-veal-calfs-liver,https://cdn.shopify.com/s/files/1/0348/5109/4661/products/247ccba0-2981-4876-b2cb-620599d32177.jpg?v=1601633010,images/meat/hg-walter®-veal-calfs-liver-2.jpg,hg-walter®-veal-calfs-liver
meat,Beef Marrow Canoe Cut - 500g,3.25,GBP,https://nottinghillfishshop.co.uk/products/hg-walter®-beef-marrow-canoe-cut-500g,https://cdn.shopify.com/s/files/1/0348/5109/4661/products/addf15d2-d683-40b2-b8a5-eee0252f701b.jpg?v=1601628573,images/meat/hg-walter®-beef-marrow-canoe-cut-500g-1.jpg,hg-walter®-beef-marrow-canoe-cut-500g
meat,Beef Marrow Canoe Cut - 500g,3.25,GBP,https://nottinghillfishshop.co.uk/products/hg-walter®-beef-marrow-canoe-cut-500g,https://cdn.shopify.com/s/files/1/0348/5109/4661/products/1f1ff461-6e0c-4e2d-be9f-d4cd553bb92b.jpg?v=1601628573,images/meat/hg-walter®-beef-marrow-canoe-cut-500g-2.jpg,hg-walter®-beef-marrow-canoe-cut-500g
meat,Bone In Lamb Shoulder,70.00,GBP,https://nottinghillfishshop.co.uk/products/hg-walter®-lamb-shoulder-half-or-whole,https://cdn.shopify.com/s/files/1/0348/5109/4661/products/5300e201-8e69-496e-bc3a-b37efc92c6a6.jpg?v=1601632239,images/meat/hg-walter®-lamb-shoulder-half-or-whole-1.jpg,hg-walter®-lamb-shoulder-half-or-whole
meat,Bone In Lamb Shoulder,70.00,GBP,https://nottinghillfishshop.co.uk/products/hg-walter®-lamb-shoulder-half-or-whole,https://cdn.shopify.com/s/files/1/0348/5109/4661/products/16f78995-e0d5-4774-b05b-f912e0a1ce20.jpg?v=1601632239,images/meat/hg-walter®-lamb-shoulder-half-or-whole-2.jpg,hg-walter®-lamb-shoulder-half-or-whole
meat,Ox Cheek - approx 450g,12.75,GBP,https://nottinghillfishshop.co.uk/products/hg-walter®-ox-cheek-360g,https://cdn.shopify.com/s/files/1/0348/5109/4661/products/1a21b841-9d18-42c8-be53-68857af773a5.jpg?v=1601983089,images/meat/hg-walter®-ox-cheek-360g-1.jpg,hg-walter®-ox-cheek-360g
meat,Ox Cheek - approx 450g,12.75,GBP,https://nottinghillfishshop.co.uk/products/hg-walter®-ox-cheek-360g,https://cdn.shopify.com/s/files/1/0348/5109/4661/products/b2428c98-7874-4e20-962a-3ce9595f87cd.jpg?v=1601983089,images/meat/hg-walter®-ox-cheek-360g-2.jpg,hg-walter®-ox-cheek-360g
meat,Prime Rump Steak,9.50,GBP,https://nottinghillfishshop.co.uk/products/hg-walter®-prime-rump-steaks-250g-min,https://cdn.shopify.com/s/files/1/0348/5109/4661/products/7c6386fb-d9a8-4da9-82b8-c9edf7022f46.jpg?v=1601628699,images/meat/hg-walter®-prime-rump-steaks-250g-min-1.jpg,hg-walter®-prime-rump-steaks-250g-min
meat,Diced Lamb Leg,13.75,GBP,https://nottinghillfishshop.co.uk/products/hg-walter®-diced-leg-various-sizes,https://cdn.shopify.com/s/files/1/0348/5109/4661/products/5365007c-b110-4112-bc20-587d024b62b2.jpg?v=1601632291,images/meat/hg-walter®-diced-leg-various-sizes-1.jpg,hg-walter®-diced-leg-various-sizes
meat,Rib of Beef - French Trimmed,63.50,GBP,https://nottinghillfishshop.co.uk/products/hg-walter®-rib-of-beef-various,https://cdn.shopify.com/s/files/1/0348/5109/4661/products/6a820bce-19f2-4dc5-8a95-08104bf8cc02.jpg?v=1601628667,images/meat/hg-walter®-rib-of-beef-various-1.jpg,hg-walter®-rib-of-beef-various
meat,Rib of Beef - French Trimmed,63.50,GBP,https://nottinghillfishshop.co.uk/products/hg-walter®-rib-of-beef-various,https://cdn.shopify.com/s/files/1/0348/5109/4661/products/d6fc6f3b-4c5d-4312-9037-3b2a61d27f76.jpg?v=1601628667,images/meat/hg-walter®-rib-of-beef-various-2.jpg,hg-walter®-rib-of-beef-various
meat,Sirloin Steak on the Bone,23.50,GBP,https://nottinghillfishshop.co.uk/products/hg-walter®-sirloin-steak-on-the-bone-420g-or-840g,https://cdn.shopify.com/s/files/1/0348/5109/4661/products/a5849e1e-b41f-4376-91cd-dae44fbcb241.jpg?v=1601628467,images/meat/hg-walter®-sirloin-steak-on-the-bone-420g-or-840g-1.jpg,hg-walter®-sirloin-steak-on-the-bone-420g-or-840g
meat,Lamb Cannons,16.80,GBP,https://nottinghillfishshop.co.uk/products/hg-walter®-lamb-cannons-330g,https://cdn.shopify.com/s/files/1/0348/5109/4661/products/b4584f7d-8584-4bb0-99b9-7e31c70a1dac.jpg?v=1601913089,images/meat/hg-walter®-lamb-cannons-330g-1.jpg,hg-walter®-lamb-cannons-330g
meat,Lamb Cannons,16.80,GBP,https://nottinghillfishshop.co.uk/products/hg-walter®-lamb-cannons-330g,https://cdn.shopify.com/s/files/1/0348/5109/4661/products/2badb144-91ee-43a1-ae8e-36a269638c4d.jpg?v=1601913089,images/meat/hg-walter®-lamb-cannons-330g-2.jpg,hg-walter®-lamb-cannons-330g
meat,Beef Bones - 1kg,3.00,GBP,https://nottinghillfishshop.co.uk/products/hg-walter®-beef-bones-1kg,https://cdn.shopify.com/s/files/1/0348/5109/4661/products/ed0e6891-8a35-4438-948f-9c327b8e78b7.jpg?v=1601628629,images/meat/hg-walter®-beef-bones-1kg-1.jpg,hg-walter®-beef-bones-1kg
meat,Beef Bones - 1kg,3.00,GBP,https://nottinghillfishshop.co.uk/products/hg-walter®-beef-bones-1kg,https://cdn.shopify.com/s/files/1/0348/5109/4661/products/83c55f13-736a-4da8-b93a-a82ab685c604.jpg?v=1601628629,images/meat/hg-walter®-beef-bones-1kg-2.jpg,hg-walter®-beef-bones-1kg
meat,Ox Tail,23.00,GBP,https://nottinghillfishshop.co.uk/products/hg-walter®-ox-tail-1kg,https://cdn.shopify.com/s/files/1/0348/5109/4661/products/181c0883-a927-4d98-9c46-0607d9e6344e.jpg?v=1601628959,images/meat/hg-walter®-ox-tail-1kg-1.jpg,hg-walter®-ox-tail-1kg
meat,Ox Tail,23.00,GBP,https://nottinghillfishshop.co.uk/products/hg-walter®-ox-tail-1kg,https://cdn.shopify.com/s/files/1/0348/5109/4661/products/3ebf51e8-23a6-4440-809c-ea70bd5a8801.jpg?v=1601628959,images/meat/hg-walter®-ox-tail-1kg-2.jpg,hg-walter®-ox-tail-1kg
meat,Fosse Meadows Whole Chicken,25.00,GBP,https://nottinghillfishshop.co.uk/products/fosse-meadows,https://cdn.shopify.com/s/files/1/0348/5109/4661/files/0DDFE284-C3E8-4C06-B5D0-7122F9CA0E1A.jpg?v=1744630558,images/meat/fosse-meadows-1.jpg,fosse-meadows
meat,Fosse Meadows Whole Chicken,25.00,GBP,https://nottinghillfishshop.co.uk/products/fosse-meadows,https://cdn.shopify.com/s/files/1/0348/5109/4661/files/34C9AB47-8E14-49CF-AE1C-60180672BC11.jpg?v=1744630558,images/meat/fosse-meadows-2.jpg,fosse-meadows
meat,Veal Chops,12.00,GBP,https://nottinghillfishshop.co.uk/products/hg-walter®-veal-chops-1-or-2-count,https://cdn.shopify.com/s/files/1/0348/5109/4661/products/ba72642b-9620-4dc0-9dbd-fe6532aa3a1f.jpg?v=1601908756,images/meat/hg-walter®-veal-chops-1-or-2-count-1.jpg,hg-walter®-veal-chops-1-or-2-count
meat,Veal Chops,12.00,GBP,https://nottinghillfishshop.co.uk/products/hg-walter®-veal-chops-1-or-2-count,https://cdn.shopify.com/s/files/1/0348/5109/4661/products/9906e47a-83b8-4f5d-8c03-a9f4008e152e.jpg?v=1601908756,images/meat/hg-walter®-veal-chops-1-or-2-count-2.jpg,hg-walter®-veal-chops-1-or-2-count
meat,Free Range Pork Belly,16.50,GBP,https://nottinghillfishshop.co.uk/products/hg-walter®-free-range-pork-belly,https://cdn.shopify.com/s/files/1/0348/5109/4661/products/9a59e34f-781e-469e-b7c1-9097e947ce4d.jpg?v=1601632419,images/meat/hg-walter®-free-range-pork-belly-1.jpg,hg-walter®-free-range-pork-belly
meat,Free Range Pork Belly,16.50,GBP,https://nottinghillfishshop.co.uk/products/hg-walter®-free-range-pork-belly,https://cdn.shopify.com/s/files/1/0348/5109/4661/products/fe66a2dc-1f23-4063-9f33-b69506a9b85d.jpg?v=1601632419,images/meat/hg-walter®-free-range-pork-belly-2.jpg,hg-walter®-free-range-pork-belly
meat,Veal Fillet,88.00,GBP,https://nottinghillfishshop.co.uk/products/hg-walter®-veal-fillet-various-sizes,https://cdn.shopify.com/s/files/1/0348/5109/4661/files/90ECDC98-39E2-458A-AEAE-A3ACC53006D0.png?v=1756294419,images/meat/hg-walter®-veal-fillet-various-sizes-1.png,hg-walter®-veal-fillet-various-sizes
meat,Veal Fillet,88.00,GBP,https://nottinghillfishshop.co.uk/products/hg-walter®-veal-fillet-various-sizes,https://cdn.shopify.com/s/files/1/0348/5109/4661/files/360B19A4-F7CE-4000-AA6B-D489289AEE3B.png?v=1756294513,images/meat/hg-walter®-veal-fillet-various-sizes-2.png,hg-walter®-veal-fillet-various-sizes
meat,T-bone Steak,27.00,GBP,https://nottinghillfishshop.co.uk/products/hg-walter®-t-bone-steak-450g,https://cdn.shopify.com/s/files/1/0348/5109/4661/products/9be54a6e-cd09-4f30-b08c-ed92e51c60b0.jpg?v=1601628814,images/meat/hg-walter®-t-bone-steak-450g-1.jpg,hg-walter®-t-bone-steak-450g
meat,T-bone Steak,27.00,GBP,https://nottinghillfishshop.co.uk/products/hg-walter®-t-bone-steak-450g,https://cdn.shopify.com/s/files/1/0348/5109/4661/products/0687e24f-bfa3-439d-b4e0-e1384b72f3bd.jpg?v=1601628814,images/meat/hg-walter®-t-bone-steak-450g-2.jpg,hg-walter®-t-bone-steak-450g
meat,Beef Shin On The Bone,21.00,GBP,https://nottinghillfishshop.co.uk/products/hg-walter®-beef-shin-on-the-bone-various-sizes,https://cdn.shopify.com/s/files/1/0348/5109/4661/products/d581f493-08fc-4dc4-828c-df178b14f7ba.jpg?v=1601628595,images/meat/hg-walter®-beef-shin-on-the-bone-various-sizes-1.jpg,hg-walter®-beef-shin-on-the-bone-various-sizes
meat,Beef Shin On The Bone,21.00,GBP,https://nottinghillfishshop.co.uk/products/hg-walter®-beef-shin-on-the-bone-various-sizes,https://cdn.shopify.com/s/files/1/0348/5109/4661/products/cbf34402-1a9b-4135-a405-3da25f5637f1.jpg?v=1601628595,images/meat/hg-walter®-beef-shin-on-the-bone-various-sizes-2.jpg,hg-walter®-beef-shin-on-the-bone-various-sizes
meat,Leg of Lamb,80.00,GBP,https://nottinghillfishshop.co.uk/products/hg-walter®-leg-of-lamb-various-min-weight-850g,https://cdn.shopify.com/s/files/1/0348/5109/4661/products/a0d6dcfb-d624-4c5d-84a8-630744c5a889.jpg?v=1602066854,images/meat/hg-walter®-leg-of-lamb-various-min-weight-850g-1.jpg,hg-walter®-leg-of-lamb-various-min-weight-850g
meat,Leg of Lamb,80.00,GBP,https://nottinghillfishshop.co.uk/products/hg-walter®-leg-of-lamb-various-min-weight-850g,https://cdn.shopify.com/s/files/1/0348/5109/4661/products/4bb32d63-d1b3-42b8-97af-daa0759a3852.jpg?v=1602066854,images/meat/hg-walter®-leg-of-lamb-various-min-weight-850g-2.jpg,hg-walter®-leg-of-lamb-various-min-weight-850g
meat,Boneless Beef Brisket,21.00,GBP,https://nottinghillfishshop.co.uk/products/hg-walter®-beef-brisket-boneless-various,https://cdn.shopify.com/s/files/1/0348/5109/4661/products/298279b5-7c9e-424d-b329-e1dabc6606c7.jpg?v=1601983013,images/meat/hg-walter®-beef-brisket-boneless-various-1.jpg,hg-walter®-beef-brisket-boneless-various
meat,Boneless Beef Brisket,21.00,GBP,https://nottinghillfishshop.co.uk/products/hg-walter®-beef-brisket-boneless-various,https://cdn.shopify.com/s/files/1/0348/5109/4661/products/267dddc6-a8e2-4998-9c1b-b5c209efd389.jpg?v=1601983013,images/meat/hg-walter®-beef-brisket-boneless-various-2.jpg,hg-walter®-beef-brisket-boneless-various
meat,Home Cured Smoked Back Bacon,8.50,GBP,https://nottinghillfishshop.co.uk/products/hg-walter®-home-cured-smoked-back-bacon-min-pack-500g-approx-14-rashers,https://cdn.shopify.com/s/files/1/0348/5109/4661/products/a98b4bd0-58d2-4925-bc9b-1f0b7d49d8d8.jpg?v=1601633187,images/meat/hg-walter®-home-cured-smoked-back-bacon-min-pack-500g-approx-14-rashers-1.jpg,hg-walter®-home-cured-smoked-back-bacon-min-pack-500g-approx-14-rashers
meat,Boneless Shin of Beef,11.00,GBP,https://nottinghillfishshop.co.uk/products/hg-walter®-boneless-shin-of-beef-various,https://cdn.shopify.com/s/files/1/0348/5109/4661/products/3ea688fb-5ecb-4a8c-92b5-1fa08e9a2cc3.jpg?v=1601983050,images/meat/hg-walter®-boneless-shin-of-beef-various-1.jpg,hg-walter®-boneless-shin-of-beef-various
meat,Lamb Neck Fillet,11.55,GBP,https://nottinghillfishshop.co.uk/products/hg-walter-neck-fillet-300g,https://cdn.shopify.com/s/files/1/0348/5109/4661/products/89f1b44f-7520-455c-b143-04099dee2e2d_a31cf2e8-8b24-49f8-a08d-8baa906af116.jpg?v=1601632359,images/meat/hg-walter-neck-fillet-300g-1.jpg,hg-walter-neck-fillet-300g
meat,Lamb Neck Fillet,11.55,GBP,https://nottinghillfishshop.co.uk/products/hg-walter-neck-fillet-300g,https://cdn.shopify.com/s/files/1/0348/5109/4661/products/cda243d8-f7bd-4c41-b312-ee96b6656502_e0f581a4-541a-4ec5-8e5e-dc6f67a52835.jpg?v=1601632359,images/meat/hg-walter-neck-fillet-300g-2.jpg,hg-walter-neck-fillet-300g
meat,Dorian Sirloin Bone Out,28.75,GBP,https://nottinghillfishshop.co.uk/products/dorian-sirloin-bone-out,https://cdn.shopify.com/s/files/1/0348/5109/4661/files/645B66EA-01F0-467E-AB99-114817B56945.jpg?v=1744632640,images/meat/dorian-sirloin-bone-out-1.jpg,dorian-sirloin-bone-out
meat,Dorian Sirloin Bone Out,28.75,GBP,https://nottinghillfishshop.co.uk/products/dorian-sirloin-bone-out,https://cdn.shopify.com/s/files/1/0348/5109/4661/files/DD145986-A9BA-4325-A13D-E4681116D145.jpg?v=1744632833,images/meat/dorian-sirloin-bone-out-2.jpg,dorian-sirloin-bone-out
meat,Turkey Mince,11.75,GBP,https://nottinghillfishshop.co.uk/products/turkey-mince,https://cdn.shopify.com/s/files/1/0348/5109/4661/files/AAB3FE8A-468E-4B4D-BA0C-72E5221A4E74.png?v=1756299036,images/meat/turkey-mince-1.png,turkey-mince
meat,Boneless Leg of Lamb,64.50,GBP,https://nottinghillfishshop.co.uk/products/hg-walter-boneless-leg-of-lamb-various,https://cdn.shopify.com/s/files/1/0348/5109/4661/products/03638430-3265-4e39-be5e-8b2c93a03a8d.jpg?v=1601908627,images/meat/hg-walter-boneless-leg-of-lamb-various-1.jpg,hg-walter-boneless-leg-of-lamb-various
meat,Boneless Leg of Lamb,64.50,GBP,https://nottinghillfishshop.co.uk/products/hg-walter-boneless-leg-of-lamb-various,https://cdn.shopify.com/s/files/1/0348/5109/4661/products/3f00cb61-8699-4c7b-8a03-8788c2516c83.jpg?v=1601908627,images/meat/hg-walter-boneless-leg-of-lamb-various-2.jpg,hg-walter-boneless-leg-of-lamb-various
meat,Sutton Hoo Whole Chicken,34.65,GBP,https://nottinghillfishshop.co.uk/products/sutton-hoo-whole-chicken,https://cdn.shopify.com/s/files/1/0348/5109/4661/files/A560F3CF-659A-474C-B494-7FAC94A97EA4.jpg?v=1744629617,images/meat/sutton-hoo-whole-chicken-1.jpg,sutton-hoo-whole-chicken
meat,Sutton Hoo Whole Chicken,34.65,GBP,https://nottinghillfishshop.co.uk/products/sutton-hoo-whole-chicken,https://cdn.shopify.com/s/files/1/0348/5109/4661/files/8A9AFD97-E9B5-427E-A5A5-169333810D79.jpg?v=1744629659,images/meat/sutton-hoo-whole-chicken-2.jpg,sutton-hoo-whole-chicken
meat,Beef Onglet - 1 x 400g,12.80,GBP,https://nottinghillfishshop.co.uk/products/hg-walter®-beef-onglet-200g-x-2,https://cdn.shopify.com/s/files/1/0348/5109/4661/products/9f21b8e0-0a2b-4668-8d4a-967e923cd40b.jpg?v=1601628583,images/meat/hg-walter®-beef-onglet-200g-x-2-1.jpg,hg-walter®-beef-onglet-200g-x-2
meat,Beef Onglet - 1 x 400g,12.80,GBP,https://nottinghillfishshop.co.uk/products/hg-walter®-beef-onglet-200g-x-2,https://cdn.shopify.com/s/files/1/0348/5109/4661/products/b13ac4b4-d532-4e34-b018-92b9d44d6b63.jpg?v=1601628583,images/meat/hg-walter®-beef-onglet-200g-x-2-2.jpg,hg-walter®-beef-onglet-200g-x-2
meat,Beef Short Rib,9.40,GBP,https://nottinghillfishshop.co.uk/products/beef-short-rib,https://cdn.shopify.com/s/files/1/0348/5109/4661/files/39415670-FE93-4529-B889-63866040CB6C.jpg?v=1745246651,images/meat/beef-short-rib-1.jpg,beef-short-rib
meat,Beef Short Rib,9.40,GBP,https://nottinghillfishshop.co.uk/products/beef-short-rib,https://cdn.shopify.com/s/files/1/0348/5109/4661/files/0EFFE2DB-8555-44F5-9F2C-2B00B8E695B7.jpg?v=1745246678,images/meat/beef-short-rib-2.jpg,beef-short-rib
meat,Housemade Italian Veal Sausage,9.50,GBP,https://nottinghillfishshop.co.uk/products/housemade-italian-veal-sausage-gluten-free,https://cdn.shopify.com/s/files/1/0348/5109/4661/products/ItalianVeal.jpg?v=1627657187,images/meat/housemade-italian-veal-sausage-gluten-free-1.jpg,housemade-italian-veal-sausage-gluten-free
meat,Lamb Shank,9.40,GBP,https://nottinghillfishshop.co.uk/products/hg-walter-lamb-shanks-320g-minimum,https://cdn.shopify.com/s/files/1/0348/5109/4661/products/4622f414-e606-4fd4-87b5-c0117a941e9f.jpg?v=1601632125,images/meat/hg-walter-lamb-shanks-320g-minimum-1.jpg,hg-walter-lamb-shanks-320g-minimum
meat,Lamb Shank,9.40,GBP,https://nottinghillfishshop.co.uk/products/hg-walter-lamb-shanks-320g-minimum,https://cdn.shopify.com/s/files/1/0348/5109/4661/products/571a4557-7d2c-48f7-bd3e-fb11af6291d2.jpg?v=1601632125,images/meat/hg-walter-lamb-shanks-320g-minimum-2.jpg,hg-walter-lamb-shanks-320g-minimum
meat,Free Range Boneless Pork Steaks,10.50,GBP,https://nottinghillfishshop.co.uk/products/free-range-pork-chops-2pcs,https://cdn.shopify.com/s/files/1/0348/5109/4661/products/Screenshot2020-10-02at14.46.45.png?v=1601646439,images/meat/free-range-pork-chops-2pcs-1.png,free-range-pork-chops-2pcs
meat,Free Range Boneless Pork Steaks,10.50,GBP,https://nottinghillfishshop.co.uk/products/free-range-pork-chops-2pcs,https://cdn.shopify.com/s/files/1/0348/5109/4661/products/Screenshot2020-10-02at14.46.36.png?v=1601646439,images/meat/free-range-pork-chops-2pcs-2.png,free-range-pork-chops-2pcs
meat,Duck Legs - Pack of 2,17.00,GBP,https://nottinghillfishshop.co.uk/products/hg-walter®-duck-legs-2-pack-680g,https://cdn.shopify.com/s/files/1/0348/5109/4661/products/59333b1c-0aeb-485b-b9e7-f1286234ac03.jpg?v=1601629571,images/meat/hg-walter®-duck-legs-2-pack-680g-1.jpg,hg-walter®-duck-legs-2-pack-680g
meat,Duck Legs - Pack of 2,17.00,GBP,https://nottinghillfishshop.co.uk/products/hg-walter®-duck-legs-2-pack-680g,https://cdn.shopify.com/s/files/1/0348/5109/4661/products/4720186e-9719-4eb0-847e-e775dc1f3710.jpg?v=1601629571,images/meat/hg-walter®-duck-legs-2-pack-680g-2.jpg,hg-walter®-duck-legs-2-pack-680g
meat,Pork Neck Fillet,8.40,GBP,https://nottinghillfishshop.co.uk/products/hg-walter®-pork-neck-steaks-2-x-200g,https://cdn.shopify.com/s/files/1/0348/5109/4661/products/1c162e39-ef28-45d9-be25-6f215342b63b.jpg?v=1601983484,images/meat/hg-walter®-pork-neck-steaks-2-x-200g-1.jpg,hg-walter®-pork-neck-steaks-2-x-200g
meat,Pork Neck Fillet,8.40,GBP,https://nottinghillfishshop.co.uk/products/hg-walter®-pork-neck-steaks-2-x-200g,https://cdn.shopify.com/s/files/1/0348/5109/4661/products/f176eafc-4fb6-4289-9aec-80a5ecce6d98.jpg?v=1601983484,images/meat/hg-walter®-pork-neck-steaks-2-x-200g-2.jpg,hg-walter®-pork-neck-steaks-2-x-200g
meat,Moroccan Lamb Kofta x 6,26.00,GBP,https://nottinghillfishshop.co.uk/products/copy-of-fillet-beef-bbq-skewers,https://cdn.shopify.com/s/files/1/0348/5109/4661/files/Koftasonametaltray.jpg?v=1688116721,images/meat/copy-of-fillet-beef-bbq-skewers-1.jpg,copy-of-fillet-beef-bbq-skewers
meat,Moroccan Lamb Kofta x 6,26.00,GBP,https://nottinghillfishshop.co.uk/products/copy-of-fillet-beef-bbq-skewers,https://cdn.shopify.com/s/files/1/0348/5109/4661/files/Koftastopviewinapaperpackaging.jpg?v=1688116739,images/meat/copy-of-fillet-beef-bbq-skewers-2.jpg,copy-of-fillet-beef-bbq-skewers
meat,Free Range Pork Loin Chops,16.20,GBP,https://nottinghillfishshop.co.uk/products/hg-walter®-free-range-pork-loin-steaks-various-min-weight-per-steak-240g,https://cdn.shopify.com/s/files/1/0348/5109/4661/products/Screenshot2020-10-02at14.46.58.png?v=1601646442,images/meat/hg-walter®-free-range-pork-loin-steaks-various-min-weight-per-steak-240g-1.png,hg-walter®-free-range-pork-loin-steaks-various-min-weight-per-steak-240g
meat,Japanese Wagyu Grade A5+ Sirloin,75.00,GBP,https://nottinghillfishshop.co.uk/products/copy-of-japanese-wagyu-grade-a5-ribeye,https://cdn.shopify.com/s/files/1/0348/5109/4661/files/WhatsAppImage2024-03-08at15.35.40.jpg?v=1709913935,images/meat/copy-of-japanese-wagyu-grade-a5-ribeye-1.jpg,copy-of-japanese-wagyu-grade-a5-ribeye
meat,John Howe Free Range Goose,135.00,GBP,https://nottinghillfishshop.co.uk/products/christmas-free-range-goose,https://cdn.shopify.com/s/files/1/0348/5109/4661/products/goose-with-giblets_1000x_aa4c917d-6bb0-43d8-8c88-ed015655b035.png?v=1638786736,images/meat/christmas-free-range-goose-1.png,christmas-free-range-goose
meat,John Howe Free Range Goose,135.00,GBP,https://nottinghillfishshop.co.uk/products/christmas-free-range-goose,https://cdn.shopify.com/s/files/1/0348/5109/4661/products/IMG_4509.jpg?v=1638786736,images/meat/christmas-free-range-goose-2.jpg,christmas-free-range-goose
meat,Free Range Shoulder of Pork on the Bone,15.50,GBP,https://nottinghillfishshop.co.uk/products/hg-walter-free-range-shoulder-of-pork-on-the-bone-various-min-weight-1kg,https://cdn.shopify.com/s/files/1/0348/5109/4661/products/691cf000-f66f-4d18-b4c1-1d6131d8fd22_acd64ff4-2cf4-4d8a-8a8e-79e3f14c782c.jpg?v=1601632518,images/meat/hg-walter-free-range-shoulder-of-pork-on-the-bone-various-min-weight-1kg-1.jpg,hg-walter-free-range-shoulder-of-pork-on-the-bone-various-min-weight-1kg
meat,Free Range Shoulder of Pork on the Bone,15.50,GBP,https://nottinghillfishshop.co.uk/products/hg-walter-free-range-shoulder-of-pork-on-the-bone-various-min-weight-1kg,https://cdn.shopify.com/s/files/1/0348/5109/4661/products/519ccb7f-a63c-4163-9974-acd46b5056dd_508008d1-926f-4310-a0f1-a28ecf0b2185.jpg?v=1601632518,images/meat/hg-walter-free-range-shoulder-of-pork-on-the-bone-various-min-weight-1kg-2.jpg,hg-walter-free-range-shoulder-of-pork-on-the-bone-various-min-weight-1kg
meat,100% Iberico Bellota,14.70,GBP,https://nottinghillfishshop.co.uk/products/copy-of-prosciutto-cotto-3,https://cdn.shopify.com/s/files/1/0348/5109/4661/files/PatenegraIbericoBellota.jpg?v=1700749150,images/meat/copy-of-prosciutto-cotto-3-1.jpg,copy-of-prosciutto-cotto-3
meat,Cornfed Chicken Thighs,9.30,GBP,https://nottinghillfishshop.co.uk/products/cornfed-chicken-thighs,https://cdn.shopify.com/s/files/1/0348/5109/4661/files/F46617EE-2047-4F81-8CA6-8CF9358ED694.png?v=1756912173,images/meat/cornfed-chicken-thighs-1.png,cornfed-chicken-thighs
meat,Boneless and Rolled Pork Shoulder,25.30,GBP,https://nottinghillfishshop.co.uk/products/hg-walter®-boneless-pork-shoulder-various-sizes,https://cdn.shopify.com/s/files/1/0348/5109/4661/products/02f91c7e-2ff3-4d92-aa62-7f92e0365842.jpg?v=1601983264,images/meat/hg-walter®-boneless-pork-shoulder-various-sizes-1.jpg,hg-walter®-boneless-pork-shoulder-various-sizes
meat,Boneless and Rolled Pork Shoulder,25.30,GBP,https://nottinghillfishshop.co.uk/products/hg-walter®-boneless-pork-shoulder-various-sizes,https://cdn.shopify.com/s/files/1/0348/5109/4661/products/1b8c8ba7-80df-49eb-9138-2e766e051508.jpg?v=1601983264,images/meat/hg-walter®-boneless-pork-shoulder-various-sizes-2.jpg,hg-walter®-boneless-pork-shoulder-various-sizes
meat,John Howe Free Range Bronze Turkey,105.00,GBP,https://nottinghillfishshop.co.uk/products/christmas-free-range-bronze-turkey,https://cdn.shopify.com/s/files/1/0348/5109/4661/files/WhatsApp_Image_2025-12-06_at_15.53.05.jpg?v=1765448298,images/meat/christmas-free-range-bronze-turkey-1.jpg,christmas-free-range-bronze-turkey
meat,John Howe Free Range Bronze Turkey,105.00,GBP,https://nottinghillfishshop.co.uk/products/christmas-free-range-bronze-turkey,https://cdn.shopify.com/s/files/1/0348/5109/4661/files/cb16315e-8524-4cba-8d7b-507e2e1ac03b_d78db840-5644-4f82-85b1-fe34c769299d.jpg?v=1765448298,images/meat/christmas-free-range-bronze-turkey-2.jpg,christmas-free-range-bronze-turkey
meat,Boneless Lamb Shoulder - 1.5kg,54.00,GBP,https://nottinghillfishshop.co.uk/products/hg-walter®-lamb-boneless-shoulder-1-4kg,https://cdn.shopify.com/s/files/1/0348/5109/4661/products/ec448e84-26a2-42ea-9d1a-dec0f029bf81.jpg?v=1601913052,images/meat/hg-walter®-lamb-boneless-shoulder-1-4kg-1.jpg,hg-walter®-lamb-boneless-shoulder-1-4kg
meat,Diced Veal,20.00,GBP,https://nottinghillfishshop.co.uk/products/hg-walter®-diced-veal-500g,https://cdn.shopify.com/s/files/1/0348/5109/4661/products/7bff527f-c894-4a7e-89dd-ac53d0e53167.jpg?v=1601632988,images/meat/hg-walter®-diced-veal-500g-1.jpg,hg-walter®-diced-veal-500g
meat,Chicken Milanese - approx 250g,8.00,GBP,https://nottinghillfishshop.co.uk/products/chicken-milanese-approx-250g,https://cdn.shopify.com/s/files/1/0348/5109/4661/files/912CD681-DBD7-43B0-97A7-93D1F71D1E53.jpg?v=1744628258,images/meat/chicken-milanese-approx-250g-1.jpg,chicken-milanese-approx-250g
meat,Chicken Milanese - approx 250g,8.00,GBP,https://nottinghillfishshop.co.uk/products/chicken-milanese-approx-250g,https://cdn.shopify.com/s/files/1/0348/5109/4661/files/977877E7-55F8-45F0-A346-4953CBFCB1D5.jpg?v=1744628331,images/meat/chicken-milanese-approx-250g-2.jpg,chicken-milanese-approx-250g
meat,Rolled Aged Sirloin,57.00,GBP,https://nottinghillfishshop.co.uk/products/hg-walter®-rolled-aged-sirloin-various,https://cdn.shopify.com/s/files/1/0348/5109/4661/products/8c9e739e-0f87-4071-8984-4f326a5cbfcc.jpg?v=1601983775,images/meat/hg-walter®-rolled-aged-sirloin-various-1.jpg,hg-walter®-rolled-aged-sirloin-various
meat,Rolled Aged Sirloin,57.00,GBP,https://nottinghillfishshop.co.uk/products/hg-walter®-rolled-aged-sirloin-various,https://cdn.shopify.com/s/files/1/0348/5109/4661/products/1bcbd7e9-4f24-4d51-8c39-c430edf3d53d.jpg?v=1601983775,images/meat/hg-walter®-rolled-aged-sirloin-various-2.jpg,hg-walter®-rolled-aged-sirloin-various
meat,Rolled Lamb Saddle - 1kg,50.00,GBP,https://nottinghillfishshop.co.uk/products/hg-walter®-lamb-rolled-saddle-1kg,https://cdn.shopify.com/s/files/1/0348/5109/4661/products/14dd2c4c-0312-4a43-8a6e-0f9b817de432.jpg?v=1601913002,images/meat/hg-walter®-lamb-rolled-saddle-1kg-1.jpg,hg-walter®-lamb-rolled-saddle-1kg
meat,Rolled Lamb Saddle - 1kg,50.00,GBP,https://nottinghillfishshop.co.uk/products/hg-walter®-lamb-rolled-saddle-1kg,https://cdn.shopify.com/s/files/1/0348/5109/4661/products/472f0cff-154b-486c-ac90-d37d5f8af166.jpg?v=1601913002,images/meat/hg-walter®-lamb-rolled-saddle-1kg-2.jpg,hg-walter®-lamb-rolled-saddle-1kg
meat,Dorian Ribeye Bone Out,30.00,GBP,https://nottinghillfishshop.co.uk/products/dorian-ribeye-bone-out,https://cdn.shopify.com/s/files/1/0348/5109/4661/files/68E388E6-AD0E-43AD-8E25-BA9053BECAEA.jpg?v=1744885223,images/meat/dorian-ribeye-bone-out-1.jpg,dorian-ribeye-bone-out
meat,Dorian Ribeye Bone Out,30.00,GBP,https://nottinghillfishshop.co.uk/products/dorian-ribeye-bone-out,https://cdn.shopify.com/s/files/1/0348/5109/4661/files/8871BA9E-81F8-46AF-B9B8-5494D7259048.jpg?v=1744885256,images/meat/dorian-ribeye-bone-out-2.jpg,dorian-ribeye-bone-out
meat,Rolled Ribeye,48.00,GBP,https://nottinghillfishshop.co.uk/products/hg-walter®-rolled-ribeye-various,https://cdn.shopify.com/s/files/1/0348/5109/4661/products/d6036cd7-6dff-4050-ad3a-2d086ae58c99.jpg?v=1601628793,images/meat/hg-walter®-rolled-ribeye-various-1.jpg,hg-walter®-rolled-ribeye-various
meat,Rolled Ribeye,48.00,GBP,https://nottinghillfishshop.co.uk/products/hg-walter®-rolled-ribeye-various,https://cdn.shopify.com/s/files/1/0348/5109/4661/products/b276cf19-577f-4313-bdcb-d19423f99d42.jpg?v=1601628793,images/meat/hg-walter®-rolled-ribeye-various-2.jpg,hg-walter®-rolled-ribeye-various
meat,Prosciutto Cotto,7.50,GBP,https://nottinghillfishshop.co.uk/products/copy-of-iberico-jamon-red-label,https://cdn.shopify.com/s/files/1/0348/5109/4661/files/Prosciutto.jpg?v=1700748868,images/meat/copy-of-iberico-jamon-red-label-1.jpg,copy-of-iberico-jamon-red-label
meat,Dorian Denver Steak,20.00,GBP,https://nottinghillfishshop.co.uk/products/dorian-denver-steak,https://cdn.shopify.com/s/files/1/0348/5109/4661/files/A6982A50-A26A-4716-92DC-2EA1ACA134A9.png?v=1756299336,images/meat/dorian-denver-steak-1.png,dorian-denver-steak
meat,Dorian Denver Steak,20.00,GBP,https://nottinghillfishshop.co.uk/products/dorian-denver-steak,https://cdn.shopify.com/s/files/1/0348/5109/4661/files/BE83468C-1C19-4E22-8FDB-65D9BC5E179A.png?v=1756299416,images/meat/dorian-denver-steak-2.png,dorian-denver-steak
meat,Chicken BBQ skewers,4.25,GBP,https://nottinghillfishshop.co.uk/products/copy-of-boneless-skinless-chicken-thighs-4-x-120g,https://cdn.shopify.com/s/files/1/0348/5109/4661/files/Chickenshashlik.jpg?v=1686844232,images/meat/copy-of-boneless-skinless-chicken-thighs-4-x-120g-1.jpg,copy-of-boneless-skinless-chicken-thighs-4-x-120g
meat,Landes Cornfed Chicken,32.00,GBP,https://nottinghillfishshop.co.uk/products/landes-cornfed-chicken,https://cdn.shopify.com/s/files/1/0348/5109/4661/files/1FAC1B65-01B3-41A1-B0A6-BC628CAF993F_f7701238-fd9c-41cc-a40c-d172536c714d.jpg?v=1730905605,images/meat/landes-cornfed-chicken-1.jpg,landes-cornfed-chicken
meat,Landes Cornfed Chicken,32.00,GBP,https://nottinghillfishshop.co.uk/products/landes-cornfed-chicken,https://cdn.shopify.com/s/files/1/0348/5109/4661/files/9ABCA8E1-6CDD-46C5-9D45-8BB7375F1B00_3fd15043-180b-46a1-83e0-00a3e81db833.jpg?v=1730905605,images/meat/landes-cornfed-chicken-2.jpg,landes-cornfed-chicken
meat,Fillet Beef BBQ skewers,5.75,GBP,https://nottinghillfishshop.co.uk/products/copy-of-beef-bavette-steak,https://cdn.shopify.com/s/files/1/0348/5109/4661/files/Beefshashlik.jpg?v=1686843947,images/meat/copy-of-beef-bavette-steak-1.jpg,copy-of-beef-bavette-steak
meat,Cornfed Chicken Legs,4.60,GBP,https://nottinghillfishshop.co.uk/products/cornfed-chicken-legs,https://cdn.shopify.com/s/files/1/0348/5109/4661/files/622B8CA5-3375-45FF-A1DC-4BFF2D23305E.png?v=1756911316,images/meat/cornfed-chicken-legs-1.png,cornfed-chicken-legs
meat,"Spicy Galician Chorizo ""Teijeiro""",8.25,GBP,https://nottinghillfishshop.co.uk/products/spicy-galician-chorizo-teijeiro,https://cdn.shopify.com/s/files/1/0348/5109/4661/products/Screenshot2022-12-13at12.41.46.png?v=1670938037,images/meat/spicy-galician-chorizo-teijeiro-1.png,spicy-galician-chorizo-teijeiro
meat,Cornfed Chicken Supreme,6.90,GBP,https://nottinghillfishshop.co.uk/products/hg-walter®-cornfed-supreme-2-pack,https://cdn.shopify.com/s/files/1/0348/5109/4661/products/b932ca9d-1b3f-499a-a89e-04279de645c9.jpg?v=1756910630,images/meat/hg-walter®-cornfed-supreme-2-pack-1.jpg,hg-walter®-cornfed-supreme-2-pack
meat,Cornfed Chicken Supreme,6.90,GBP,https://nottinghillfishshop.co.uk/products/hg-walter®-cornfed-supreme-2-pack,https://cdn.shopify.com/s/files/1/0348/5109/4661/products/0d6f7485-a75f-46fc-aacd-c2292aebe683.jpg?v=1756910655,images/meat/hg-walter®-cornfed-supreme-2-pack-2.jpg,hg-walter®-cornfed-supreme-2-pack
meat,Free Range Boneless Pork Loin,18.75,GBP,https://nottinghillfishshop.co.uk/products/hg-walter®-free-range-pork-loin-boneless-various-min-weight-750g,https://cdn.shopify.com/s/files/1/0348/5109/4661/products/5cae4e5b-6a6e-42a8-8217-0ee719b2af6b.jpg?v=1601632437,images/meat/hg-walter®-free-range-pork-loin-boneless-various-min-weight-750g-1.jpg,hg-walter®-free-range-pork-loin-boneless-various-min-weight-750g
meat,Free Range Boneless Pork Loin,18.75,GBP,https://nottinghillfishshop.co.uk/products/hg-walter®-free-range-pork-loin-boneless-various-min-weight-750g,https://cdn.shopify.com/s/files/1/0348/5109/4661/products/1e963ba5-1a6a-4205-a0f7-11de0471a276.jpg?v=1601632437,images/meat/hg-walter®-free-range-pork-loin-boneless-various-min-weight-750g-2.jpg,hg-walter®-free-range-pork-loin-boneless-various-min-weight-750g
meat,Pork Ribs,8.50,GBP,https://nottinghillfishshop.co.uk/products/pork-ribs,https://cdn.shopify.com/s/files/1/0348/5109/4661/files/C0274494-DFDC-48BD-86E1-7F0DB0B1766E.png?v=1756893596,images/meat/pork-ribs-1.png,pork-ribs
meat,Pork Ribs,8.50,GBP,https://nottinghillfishshop.co.uk/products/pork-ribs,https://cdn.shopify.com/s/files/1/0348/5109/4661/files/BBAE3CAA-5A1E-4ED3-B364-A14E520ED140.png?v=1756918375,images/meat/pork-ribs-2.png,pork-ribs
meat,Beef Trim,5.20,GBP,https://nottinghillfishshop.co.uk/products/hg-walter®-beef-trim-various-sizes,https://cdn.shopify.com/s/files/1/0348/5109/4661/products/b0ad35f5-2deb-4ce0-9f68-21650de053aa.jpg?v=1601628654,images/meat/hg-walter®-beef-trim-various-sizes-1.jpg,hg-walter®-beef-trim-various-sizes
meat,Free Range Pork Loin French Trimmed,23.00,GBP,https://nottinghillfishshop.co.uk/products/hg-walter®-free-range-pork-loin-on-the-bone-various-min-weight-1kg,https://cdn.shopify.com/s/files/1/0348/5109/4661/products/18d51923-8408-44b0-9a4a-922a097c1e15.jpg?v=1601908863,images/meat/hg-walter®-free-range-pork-loin-on-the-bone-various-min-weight-1kg-1.jpg,hg-walter®-free-range-pork-loin-on-the-bone-various-min-weight-1kg
meat,Free Range Pork Loin French Trimmed,23.00,GBP,https://nottinghillfishshop.co.uk/products/hg-walter®-free-range-pork-loin-on-the-bone-various-min-weight-1kg,https://cdn.shopify.com/s/files/1/0348/5109/4661/products/ce55ed3a-9966-4b4c-8cbd-b147e73cd98c.jpg?v=1601908863,images/meat/hg-walter®-free-range-pork-loin-on-the-bone-various-min-weight-1kg-2.jpg,hg-walter®-free-range-pork-loin-on-the-bone-various-min-weight-1kg
meat,Chicken Wings,3.75,GBP,https://nottinghillfishshop.co.uk/products/chicken-wings,https://cdn.shopify.com/s/files/1/0348/5109/4661/files/E291B8C8-7B1E-4DCF-8BA4-10D5FACD5697.png?v=1756480621,images/meat/chicken-wings-1.png,chicken-wings
meat,Boneless Lamb Rump - 450g,14.85,GBP,https://nottinghillfishshop.co.uk/products/hg-walter®-boneless-rump-450g,https://cdn.shopify.com/s/files/1/0348/5109/4661/products/76c47317-ce09-4873-864e-2524abb4972c.jpg?v=1601632158,images/meat/hg-walter®-boneless-rump-450g-1.jpg,hg-walter®-boneless-rump-450g
meat,Boneless Lamb Rump - 450g,14.85,GBP,https://nottinghillfishshop.co.uk/products/hg-walter®-boneless-rump-450g,https://cdn.shopify.com/s/files/1/0348/5109/4661/products/4fbe8d2f-d43b-43e0-96fe-604f65062909.jpg?v=1601632158,images/meat/hg-walter®-boneless-rump-450g-2.jpg,hg-walter®-boneless-rump-450g
meat,La Puine Rabbit,15.00,GBP,https://nottinghillfishshop.co.uk/products/la-puine-rabbit,https://cdn.shopify.com/s/files/1/0348/5109/4661/files/D3308416-F8E3-497A-9DE6-F1E06FA59EB3.png?v=1756897679,images/meat/la-puine-rabbit-1.png,la-puine-rabbit
meat,La Puine Rabbit,15.00,GBP,https://nottinghillfishshop.co.uk/products/la-puine-rabbit,https://cdn.shopify.com/s/files/1/0348/5109/4661/files/B3645125-A84E-46F9-B696-3CBBA6003D60.png?v=1756897713,images/meat/la-puine-rabbit-2.png,la-puine-rabbit
meat,Dorian T-Bone 1.2kg,102.00,GBP,https://nottinghillfishshop.co.uk/products/dorian-t-bone-1-2kg,https://cdn.shopify.com/s/files/1/0348/5109/4661/files/C9C64597-856C-4156-A93A-15326F96FBF5.png?v=1756294874,images/meat/dorian-t-bone-1-2kg-1.png,dorian-t-bone-1-2kg
meat,Dorian T-Bone 1.2kg,102.00,GBP,https://nottinghillfishshop.co.uk/products/dorian-t-bone-1-2kg,https://cdn.shopify.com/s/files/1/0348/5109/4661/files/4EBD4148-192A-4BDF-BCC3-FED32A7D1D68.png?v=1756294922,images/meat/dorian-t-bone-1-2kg-2.png,dorian-t-bone-1-2kg
meat,Cote de Veau,15.50,GBP,https://nottinghillfishshop.co.uk/products/cote-de-veau,https://cdn.shopify.com/s/files/1/0348/5109/4661/files/C87C1465-9C94-4A92-BE46-42173A4F86DE.jpg?v=1744632387,images/meat/cote-de-veau-1.jpg,cote-de-veau
meat,Cote de Veau,15.50,GBP,https://nottinghillfishshop.co.uk/products/cote-de-veau,https://cdn.shopify.com/s/files/1/0348/5109/4661/files/6CAE9C85-0E07-4E00-90D7-5370E6E64937.jpg?v=1744632387,images/meat/cote-de-veau-2.jpg,cote-de-veau
meat,Cote de Veau,15.50,GBP,https://nottinghillfishshop.co.uk/products/cote-de-veau,https://cdn.shopify.com/s/files/1/0348/5109/4661/files/B1677771-61F3-41AA-94F9-21F46FEACA49.jpg?v=1744632387,images/meat/cote-de-veau-3.jpg,cote-de-veau
meat,Cote de Veau,15.50,GBP,https://nottinghillfishshop.co.uk/products/cote-de-veau,https://cdn.shopify.com/s/files/1/0348/5109/4661/files/CDC3825D-A62E-4F3E-B184-8C118A2B2BDF.jpg?v=1744632387,images/meat/cote-de-veau-4.jpg,cote-de-veau
meat,Pancetta,6.80,GBP,https://nottinghillfishshop.co.uk/products/pancetta,https://cdn.shopify.com/s/files/1/0348/5109/4661/files/777F1643-8FDB-4B36-A31C-66AC500B56B3.png?v=1756298620,images/meat/pancetta-1.png,pancetta
meat,Pancetta,6.80,GBP,https://nottinghillfishshop.co.uk/products/pancetta,https://cdn.shopify.com/s/files/1/0348/5109/4661/files/AAE190F0-2B84-4E1B-8DB4-11A3EF44B17E.png?v=1756298653,images/meat/pancetta-2.png,pancetta
meat,Ambry Free Range Turkey Bacon,7.55,GBP,https://nottinghillfishshop.co.uk/products/ambry-free-range-turkey-bacon,https://cdn.shopify.com/s/files/1/0348/5109/4661/files/FB7BD0B3-33A0-4F46-AB14-DFDADD4272D53.jpg?v=1741785958,images/meat/ambry-free-range-turkey-bacon-1.jpg,ambry-free-range-turkey-bacon
meat,Ambry Free Range Turkey Bacon,7.55,GBP,https://nottinghillfishshop.co.uk/products/ambry-free-range-turkey-bacon,https://cdn.shopify.com/s/files/1/0348/5109/4661/files/4E1EE47B-F6CB-424B-948C-A65DD42AB659.jpg?v=1741786035,images/meat/ambry-free-range-turkey-bacon-2.jpg,ambry-free-range-turkey-bacon
meat,Diced Pork Loin,8.25,GBP,https://nottinghillfishshop.co.uk/products/hg-walter®-pork-diced-loin-500g,https://cdn.shopify.com/s/files/1/0348/5109/4661/products/e9e6be0b-2758-4269-bf6c-ea9d6d641cfc.jpg?v=1601632932,images/meat/hg-walter®-pork-diced-loin-500g-1.jpg,hg-walter®-pork-diced-loin-500g
meat,Lamb Breast - 1kg,15.00,GBP,https://nottinghillfishshop.co.uk/products/hg-walter®-lamb-breast-1kg,https://cdn.shopify.com/s/files/1/0348/5109/4661/products/da9358c9-7937-4ba0-a74f-7ead7801c46b.jpg?v=1601632327,images/meat/hg-walter®-lamb-breast-1kg-1.jpg,hg-walter®-lamb-breast-1kg
meat,Lamb Breast - 1kg,15.00,GBP,https://nottinghillfishshop.co.uk/products/hg-walter®-lamb-breast-1kg,https://cdn.shopify.com/s/files/1/0348/5109/4661/products/79ff7ee6-9c73-4b31-baa0-42a39458644f.jpg?v=1601632327,images/meat/hg-walter®-lamb-breast-1kg-2.jpg,hg-walter®-lamb-breast-1kg
meat,Dorian Bone-In Ribeye - 1.9kg,158.00,GBP,https://nottinghillfishshop.co.uk/products/dorian-bone-in-ribeye,https://cdn.shopify.com/s/files/1/0348/5109/4661/files/D49D6249-330E-44A2-8C26-C1A20F3187DB.png?v=1756907626,images/meat/dorian-bone-in-ribeye-1.png,dorian-bone-in-ribeye
meat,Smoked Duck Breast - approx 400g,15.20,GBP,https://nottinghillfishshop.co.uk/products/smoked-duck-breast-approx-400g,https://cdn.shopify.com/s/files/1/0348/5109/4661/files/577DBEDB-87ED-4157-A3BF-F4106198084C.jpg?v=1744628140,images/meat/smoked-duck-breast-approx-400g-1.jpg,smoked-duck-breast-approx-400g
meat,Smoked Duck Breast - approx 400g,15.20,GBP,https://nottinghillfishshop.co.uk/products/smoked-duck-breast-approx-400g,https://cdn.shopify.com/s/files/1/0348/5109/4661/files/6963D5FE-D0D0-42FD-BF41-8E5A837B5FBB.jpg?v=1744628181,images/meat/smoked-duck-breast-approx-400g-2.jpg,smoked-duck-breast-approx-400g
meat,Smoked Duck Breast - approx 400g,15.20,GBP,https://nottinghillfishshop.co.uk/products/smoked-duck-breast-approx-400g,https://cdn.shopify.com/s/files/1/0348/5109/4661/files/0126D950-0259-4597-AB01-26AF34105EE7.jpg?v=1744628206,images/meat/smoked-duck-breast-approx-400g-3.jpg,smoked-duck-breast-approx-400g
meat,Iberico Pork Chops,17.99,GBP,https://nottinghillfishshop.co.uk/products/iberico-pork-chops,https://cdn.shopify.com/s/files/1/0348/5109/4661/files/B920B1E0-22E7-43FF-878D-C7D74C16B153.png?v=1756300542,images/meat/iberico-pork-chops-1.png,iberico-pork-chops
meat,Iberico Pork Chops,17.99,GBP,https://nottinghillfishshop.co.uk/products/iberico-pork-chops,https://cdn.shopify.com/s/files/1/0348/5109/4661/files/624FFCDE-8BDA-4D89-B41A-52422A283545.png?v=1756300605,images/meat/iberico-pork-chops-2.png,iberico-pork-chops
meat,Pork Rack French Trimmed,21.00,GBP,https://nottinghillfishshop.co.uk/products/hg-walter®-pork-french-trimmed-rack,https://cdn.shopify.com/s/files/1/0348/5109/4661/products/958182ad-2930-4222-99d9-9312c218e298.jpg?v=1601632950,images/meat/hg-walter®-pork-french-trimmed-rack-1.jpg,hg-walter®-pork-french-trimmed-rack
meat,Pork Rack French Trimmed,21.00,GBP,https://nottinghillfishshop.co.uk/products/hg-walter®-pork-french-trimmed-rack,https://cdn.shopify.com/s/files/1/0348/5109/4661/products/044f7014-3646-4682-b52e-529dcc89e415.jpg?v=1601632950,images/meat/hg-walter®-pork-french-trimmed-rack-2.jpg,hg-walter®-pork-french-trimmed-rack
meat,Chicken Goujon,9.00,GBP,https://nottinghillfishshop.co.uk/products/chicken-goujon,https://cdn.shopify.com/s/files/1/0348/5109/4661/files/66773215-9B9D-4B24-B5ED-6FD48A05FCD3.png?v=1756917939,images/meat/chicken-goujon-1.png,chicken-goujon
meat,Chicken Goujon,9.00,GBP,https://nottinghillfishshop.co.uk/products/chicken-goujon,https://cdn.shopify.com/s/files/1/0348/5109/4661/files/4B3FFB38-F1AE-467A-8C86-87D07005AD69.png?v=1756917972,images/meat/chicken-goujon-2.png,chicken-goujon
meat,French Jumbo Quail,6.50,GBP,https://nottinghillfishshop.co.uk/products/french-jumbo-quail,https://cdn.shopify.com/s/files/1/0348/5109/4661/files/F12D57F3-E77A-414A-8C1E-9EAEA57A5FF7.png?v=1756480392,images/meat/french-jumbo-quail-1.png,french-jumbo-quail
meat,French Jumbo Quail,6.50,GBP,https://nottinghillfishshop.co.uk/products/french-jumbo-quail,https://cdn.shopify.com/s/files/1/0348/5109/4661/files/22262602-E812-4216-9C90-06FB113F6703.png?v=1756480452,images/meat/french-jumbo-quail-2.png,french-jumbo-quail
meat,Black Pudding Slice - 150g,1.60,GBP,https://nottinghillfishshop.co.uk/products/black-pudding-slice-150g,https://cdn.shopify.com/s/files/1/0348/5109/4661/files/49CEC913-326E-4EF0-B5BB-4D9439A6EBF5.png?v=1756909439,images/meat/black-pudding-slice-150g-1.png,black-pudding-slice-150g
meat,Black Pudding Slice - 150g,1.60,GBP,https://nottinghillfishshop.co.uk/products/black-pudding-slice-150g,https://cdn.shopify.com/s/files/1/0348/5109/4661/files/97C3355B-3581-44F2-87F5-B22B20571313.png?v=1756909473,images/meat/black-pudding-slice-150g-2.png,black-pudding-slice-150g
meat,Japanese A5 Wagyu Fillet,30.00,GBP,https://nottinghillfishshop.co.uk/products/japanese-a5-wagyu-fillet,https://cdn.shopify.com/s/files/1/0348/5109/4661/files/196AEFD3-1075-44C1-96E2-A2CFFC10DBB2.png?v=1756478633,images/meat/japanese-a5-wagyu-fillet-1.png,japanese-a5-wagyu-fillet
meat,Japanese A5 Wagyu Fillet,30.00,GBP,https://nottinghillfishshop.co.uk/products/japanese-a5-wagyu-fillet,https://cdn.shopify.com/s/files/1/0348/5109/4661/files/6FA6D0B5-AA41-4A9B-91BD-CB57C1529479.png?v=1756478660,images/meat/japanese-a5-wagyu-fillet-2.png,japanese-a5-wagyu-fillet
meat,Iberico Pork Secreto - Approx 240g,13.20,GBP,https://nottinghillfishshop.co.uk/products/iberico-pork-secreto-approx-240g,https://cdn.shopify.com/s/files/1/0348/5109/4661/files/CAF5DD53-9523-4260-A6B6-D6B46BFC365C.png?v=1756896121,images/meat/iberico-pork-secreto-approx-240g-1.png,iberico-pork-secreto-approx-240g
meat,Iberico Pork Secreto - Approx 240g,13.20,GBP,https://nottinghillfishshop.co.uk/products/iberico-pork-secreto-approx-240g,https://cdn.shopify.com/s/files/1/0348/5109/4661/files/F4AD5537-9D2F-4AF9-AE89-07AE0413E495.png?v=1756896158,images/meat/iberico-pork-secreto-approx-240g-2.png,iberico-pork-secreto-approx-240g
meat,Iberico Pork Secreto - Approx 240g,13.20,GBP,https://nottinghillfishshop.co.uk/products/iberico-pork-secreto-approx-240g,https://cdn.shopify.com/s/files/1/0348/5109/4661/files/126D4465-E342-4F22-8423-571CA4DEB9DF.png?v=1756896191,images/meat/iberico-pork-secreto-approx-240g-3.png,iberico-pork-secreto-approx-240g
